{
  "strategy": "keltner_breakout",
  "params": {
    "ema_period": 28,
    "atr_mult": 3.426,
    "rsi_long_min": 43.0839,
    "rsi_short_max": 58.747,
    "adx_min": 22.1001,
    "volume_threshold": 2.0,
    "stop_loss_atr_mult": 3.7666,
    "take_profit_atr_mult": 4.7807
  },
  "fitness": 2.019360759116468,
  "sharpe": 0.3277415545821112,
  "wf_sharpe": 3.010765203013188,
  "trades": 64,
  "net_pnl": 85.17903798879746,
  "wf_robust": true
}