{
  "strategy": "dual_ma",
  "params": {
    "fast_period": 14,
    "slow_period": 30,
    "signal_type": "sma",
    "require_adx": true,
    "adx_min": 25.2902,
    "require_volume": true,
    "volume_threshold": 1.711,
    "stop_loss_atr_mult": 2.3462,
    "take_profit_atr_mult": 2.5453
  },
  "fitness": 1.3286463289639392,
  "sharpe": 1.4081457266266781,
  "wf_sharpe": 2.3192580413919264,
  "trades": 32,
  "net_pnl": 27.790148990096583,
  "wf_robust": false
}