{
  "strategy": "dual_ma",
  "params": {
    "fast_period": 17,
    "slow_period": 30,
    "signal_type": "sma",
    "require_adx": true,
    "adx_min": 32.8901,
    "require_volume": false,
    "volume_threshold": 2.0,
    "stop_loss_atr_mult": 4.0,
    "take_profit_atr_mult": 5.3239
  },
  "fitness": 3.4570803682660958,
  "sharpe": 2.441932355237835,
  "wf_sharpe": 2.005229996532502,
  "is_train_sharpe": 2.297280234930336,
  "is_val_sharpe": 7.551536075374287,
  "cross_asset_median_sharpe": -0.2916355205893009,
  "dsr": 0.017848221245712392,
  "dsr_pass": false,
  "trades": 64,
  "net_pnl": 591.0521118014045,
  "wf_robust": true
}