{
  "strategy": "ichimoku_kumo",
  "params": {
    "tenkan_period": 8,
    "kijun_period": 27,
    "senkou_b_period": 52,
    "displacement": 33,
    "require_chikou_confirm": true,
    "require_tk_cross": false,
    "adx_min": 19.8292,
    "stop_loss_atr_mult": 4.0396,
    "take_profit_atr_mult": 5.0396
  },
  "fitness": 0.01359228520448963,
  "sharpe": 2.2262663588148235,
  "wf_sharpe": 0.11688906414521938,
  "is_train_sharpe": 3.39312451097723,
  "is_val_sharpe": -1.6338358771003048,
  "cross_asset_median_sharpe": 0.041446028697605164,
  "dsr": 0.04401403096161177,
  "dsr_pass": false,
  "trades": 62,
  "net_pnl": 881.0710430791145,
  "wf_robust": false
}