{
  "strategy": "chaos_trend",
  "params": {
    "hurst_window": 100,
    "hurst_min": 0.6509,
    "hurst_max": 0.859,
    "ema_fast": 9,
    "ema_slow": 38,
    "adx_min": 29.7647,
    "momentum_period": 8,
    "volume_threshold": 1.7435,
    "use_fractal_filter": false,
    "fractal_max": 1.35,
    "stop_loss_atr_mult": 2.5028,
    "take_profit_atr_mult": 3.9239
  },
  "fitness": 2.5634079688706612,
  "sharpe": 0.6585771018189867,
  "wf_sharpe": -0.5341106709765744,
  "is_train_sharpe": 0.2689992985307739,
  "is_val_sharpe": 15.060593597199432,
  "cross_asset_median_sharpe": 0.07761525325605263,
  "dsr": 0.0042534551476108295,
  "dsr_pass": false,
  "trades": 152,
  "net_pnl": 1489.67328714033,
  "wf_robust": false
}