{
  "strategy": "dual_ma",
  "params": {
    "fast_period": 17,
    "slow_period": 30,
    "signal_type": "sma",
    "require_adx": true,
    "adx_min": 32.4881,
    "require_volume": false,
    "volume_threshold": 2.0,
    "stop_loss_atr_mult": 3.9322,
    "take_profit_atr_mult": 5.3239
  },
  "fitness": 3.7286105165478585,
  "sharpe": 2.6367707959970303,
  "wf_sharpe": 2.0522780905574156,
  "is_train_sharpe": 2.779351534513461,
  "is_val_sharpe": 7.558534237121483,
  "cross_asset_median_sharpe": -0.19036398419183787,
  "dsr": 0.013330144045073489,
  "dsr_pass": false,
  "trades": 66,
  "net_pnl": 642.8875200403095,
  "wf_robust": true
}