{
  "strategy": "donchian_breakout",
  "params": {
    "entry_period": 49,
    "exit_period": 15,
    "volume_surge_threshold": 0.9499,
    "adx_min": 26.6461,
    "atr_filter_mult": 1.4,
    "use_volatility_filter": false,
    "stop_loss_atr_mult": 1.3951,
    "take_profit_atr_mult": 7.2635
  },
  "fitness": 0.30690676582866505,
  "sharpe": 0.5948902612000366,
  "wf_sharpe": 0.9551091646845361,
  "trades": 170,
  "net_pnl": 220.9130322405494,
  "wf_robust": false
}