{
  "strategy": "donchian_breakout",
  "params": {
    "entry_period": 38,
    "exit_period": 25,
    "volume_surge_threshold": 2.4018,
    "adx_min": 15.8387,
    "atr_filter_mult": 1.2749,
    "use_volatility_filter": true,
    "stop_loss_atr_mult": 4.6758,
    "take_profit_atr_mult": 7.3073
  },
  "fitness": 1.7788630706105684,
  "sharpe": 1.5243231167432314,
  "wf_sharpe": 1.4828668043747066,
  "is_train_sharpe": 1.443969836523663,
  "is_val_sharpe": 2.117318137773296,
  "cross_asset_median_sharpe": 0.07659016777293204,
  "dsr": 0.020494107508139292,
  "dsr_pass": false,
  "trades": 56,
  "net_pnl": 614.2743008758807,
  "wf_robust": true
}