{
  "strategy": "trend_following",
  "params": {
    "adx_threshold": 31.8395,
    "fib_zone_tolerance_pct": 1.9383,
    "stop_loss_atr_mult": 4.9974,
    "take_profit_atr_mult": 8.0,
    "min_volume_ratio": 0.9544,
    "rsi_lower_bound": 33,
    "rsi_upper_bound": 55
  },
  "fitness": 2.053188403519982,
  "sharpe": 1.4055191410591925,
  "wf_sharpe": 2.557825286485463,
  "trades": 159,
  "net_pnl": 635.3615742529555,
  "wf_robust": true
}