{
  "strategy": "volatility_squeeze",
  "params": {
    "keltner_atr_mult": 1.1686,
    "squeeze_min_bars": 3,
    "momentum_lookback": 13,
    "volume_surge_threshold": 1.9008,
    "stop_loss_atr_mult": 3.7943,
    "take_profit_atr_mult": 4.5961
  },
  "fitness": 3.5330292618320804,
  "sharpe": 2.6044092711227407,
  "wf_sharpe": 4.67478601571221,
  "trades": 63,
  "net_pnl": 458.87238698017865,
  "wf_robust": true
}