{
  "strategy": "connors_rsi2",
  "params": {
    "rsi_period": 4,
    "entry_threshold_long": 7.5459,
    "entry_threshold_short": 85.4106,
    "trend_ema_period": 178,
    "require_adx": true,
    "adx_min": 23.6971,
    "stop_loss_atr_mult": 2.7776,
    "take_profit_atr_mult": 3.7359
  },
  "fitness": 0.67872056558637,
  "sharpe": -0.2270312994411336,
  "wf_sharpe": 0.8329989292256048,
  "trades": 201,
  "net_pnl": 77.27849967596018,
  "wf_robust": true
}