{
  "strategy": "supertrend",
  "params": {
    "atr_period": 13,
    "multiplier": 3.398,
    "adx_min": 21.9497,
    "require_volume": false,
    "volume_threshold": 1.0537,
    "stop_loss_atr_mult": 3.8906,
    "take_profit_atr_mult": 6.205
  },
  "fitness": 0.34656748743508903,
  "sharpe": 1.3546338823518778,
  "wf_sharpe": 0.9729867250000698,
  "trades": 98,
  "net_pnl": 500.4142913266723,
  "wf_robust": false
}