{
  "strategy": "dual_ma",
  "params": {
    "fast_period": 20,
    "slow_period": 21,
    "signal_type": "ema",
    "require_adx": false,
    "adx_min": 24.2222,
    "require_volume": true,
    "volume_threshold": 0.9918,
    "stop_loss_atr_mult": 1.3192,
    "take_profit_atr_mult": 2.9886
  },
  "fitness": 1.7407555263838128,
  "sharpe": 1.4513959121696134,
  "wf_sharpe": 1.7221432541677941,
  "trades": 85,
  "net_pnl": 1.8304625967623123,
  "wf_robust": true
}