{
  "strategy": "chaos_trend",
  "params": {
    "hurst_window": 117,
    "hurst_min": 0.5905,
    "hurst_max": 0.8058,
    "ema_fast": 8,
    "ema_slow": 46,
    "adx_min": 26.116,
    "momentum_period": 22,
    "volume_threshold": 1.6278,
    "use_fractal_filter": false,
    "fractal_max": 1.3651,
    "stop_loss_atr_mult": 4.9006,
    "take_profit_atr_mult": 8.0
  },
  "fitness": 2.383127044115038,
  "sharpe": 0.7528549114806231,
  "wf_sharpe": 3.3521042702672177,
  "trades": 123,
  "net_pnl": 360.1002936924966,
  "wf_robust": true
}