{
  "strategy": "chaos_trend",
  "params": {
    "hurst_window": 130,
    "hurst_min": 0.6786,
    "hurst_max": 0.8276,
    "ema_fast": 16,
    "ema_slow": 43,
    "adx_min": 25.8265,
    "momentum_period": 10,
    "volume_threshold": 1.4685,
    "use_fractal_filter": true,
    "fractal_max": 1.4078,
    "stop_loss_atr_mult": 3.7588,
    "take_profit_atr_mult": 4.3514
  },
  "fitness": 1.5928568936307093,
  "sharpe": 2.319477594779203,
  "wf_sharpe": 3.636000830047692,
  "is_train_sharpe": 1.6870977284651882,
  "is_val_sharpe": 0.7075167582564308,
  "cross_asset_median_sharpe": 0.5997316033215863,
  "dsr": 0.06738594879476612,
  "dsr_pass": false,
  "trades": 48,
  "net_pnl": 726.3557948128587,
  "wf_robust": true
}