{
  "strategy": "volatility_squeeze",
  "params": {
    "keltner_atr_mult": 1.1868,
    "squeeze_min_bars": 9,
    "momentum_lookback": 13,
    "volume_surge_threshold": 1.9151,
    "stop_loss_atr_mult": 3.8086,
    "take_profit_atr_mult": 5.6681
  },
  "fitness": 3.5497925736218576,
  "sharpe": 3.3580235267092524,
  "wf_sharpe": 4.306406971596039,
  "trades": 49,
  "net_pnl": 565.1293625741058,
  "wf_robust": true
}