{
  "strategy": "chaos_trend",
  "params": {
    "hurst_window": 100,
    "hurst_min": 0.6253,
    "hurst_max": 0.8543,
    "ema_fast": 9,
    "ema_slow": 43,
    "adx_min": 23.8312,
    "momentum_period": 8,
    "volume_threshold": 1.8525,
    "use_fractal_filter": true,
    "fractal_max": 1.378,
    "stop_loss_atr_mult": 2.2684,
    "take_profit_atr_mult": 4.5139
  },
  "fitness": 0.8355617591721206,
  "sharpe": 0.7325176182361891,
  "wf_sharpe": -0.60747407870823,
  "is_train_sharpe": 0.4333992871846355,
  "is_val_sharpe": 8.051367979974806,
  "cross_asset_median_sharpe": 0.5637749610505156,
  "dsr": 0.005787895827434886,
  "dsr_pass": false,
  "trades": 183,
  "net_pnl": 2107.3900737109716,
  "wf_robust": false
}