{
  "strategy": "volatility_squeeze",
  "params": {
    "keltner_atr_mult": 1.2166,
    "squeeze_min_bars": 9,
    "momentum_lookback": 9,
    "volume_surge_threshold": 2.1683,
    "stop_loss_atr_mult": 3.2919,
    "take_profit_atr_mult": 4.6388
  },
  "fitness": 0.685085247830694,
  "sharpe": 2.3547593660152164,
  "wf_sharpe": 1.0655796401382727,
  "trades": 39,
  "net_pnl": 336.6429443801275,
  "wf_robust": false
}