{
  "strategy": "kama_trend",
  "params": {
    "er_period": 14,
    "fast_sc": 4,
    "slow_sc": 26,
    "signal_period": 7,
    "slope_threshold_pct": 0.1325,
    "adx_min": 16.7343,
    "stop_loss_atr_mult": 2.2785,
    "take_profit_atr_mult": 3.1825
  },
  "fitness": 3.454084319983713,
  "sharpe": 2.9197516981638105,
  "wf_sharpe": 4.451045516145906,
  "trades": 34,
  "net_pnl": 533.4228662099404,
  "wf_robust": true
}