{
  "strategy": "trend_following",
  "params": {
    "adx_threshold": 29.7572,
    "fib_zone_tolerance_pct": 2.0103,
    "stop_loss_atr_mult": 4.4918,
    "take_profit_atr_mult": 5.8379,
    "min_volume_ratio": 0.7515,
    "rsi_lower_bound": 40,
    "rsi_upper_bound": 63
  },
  "fitness": 1.979830273691893,
  "sharpe": 1.5079255298852268,
  "wf_sharpe": 2.006555826440721,
  "trades": 189,
  "net_pnl": 689.4927088923112,
  "wf_robust": true
}