{
  "strategy": "donchian_breakout",
  "params": {
    "entry_period": 42,
    "exit_period": 9,
    "volume_surge_threshold": 1.5128,
    "adx_min": 23.2414,
    "atr_filter_mult": 0.4708,
    "use_volatility_filter": true,
    "stop_loss_atr_mult": 2.4487,
    "take_profit_atr_mult": 7.9028
  },
  "fitness": 2.77181204050552,
  "sharpe": 2.4035629759609187,
  "wf_sharpe": 3.1103208839142367,
  "trades": 142,
  "net_pnl": 842.9961582652866,
  "wf_robust": true
}