{
  "strategy": "fisher_transform",
  "params": {
    "period": 15,
    "signal_threshold": 2.0194,
    "require_divergence": false,
    "divergence_lookback": 8,
    "adx_filter": true,
    "adx_max": 48.2703,
    "stop_loss_atr_mult": 1.9311,
    "take_profit_atr_mult": 3.6473
  },
  "fitness": 0.45208153544718477,
  "sharpe": 0.3595118634548416,
  "wf_sharpe": 1.9100918931993391,
  "trades": 49,
  "net_pnl": 88.5872469985778,
  "wf_robust": false
}