{
  "strategy": "kama_trend",
  "params": {
    "er_period": 16,
    "fast_sc": 4,
    "slow_sc": 33,
    "signal_period": 6,
    "slope_threshold_pct": 0.0723,
    "adx_min": 22.1685,
    "stop_loss_atr_mult": 2.6511,
    "take_profit_atr_mult": 2.853
  },
  "fitness": 2.196611341055727,
  "sharpe": 1.1512226673751296,
  "wf_sharpe": 3.009341901126431,
  "trades": 32,
  "net_pnl": 200.87405624363984,
  "wf_robust": true
}