{
  "strategy": "kama_trend",
  "params": {
    "er_period": 15,
    "fast_sc": 5,
    "slow_sc": 29,
    "signal_period": 5,
    "slope_threshold_pct": 0.0635,
    "adx_min": 17.4426,
    "stop_loss_atr_mult": 3.5405,
    "take_profit_atr_mult": 4.2116
  },
  "fitness": 2.4742779214723267,
  "sharpe": 2.3948365250024706,
  "wf_sharpe": 3.8027494403984874,
  "trades": 21,
  "net_pnl": 302.2429173833612,
  "wf_robust": true
}