{
  "strategy": "donchian_breakout",
  "params": {
    "entry_period": 42,
    "exit_period": 20,
    "volume_surge_threshold": 1.4939,
    "adx_min": 15.2689,
    "atr_filter_mult": 1.0682,
    "use_volatility_filter": false,
    "stop_loss_atr_mult": 2.7534,
    "take_profit_atr_mult": 7.8945
  },
  "fitness": 2.3762612565439363,
  "sharpe": 2.13522440118574,
  "wf_sharpe": 2.48449308575029,
  "trades": 139,
  "net_pnl": 785.0924357018469,
  "wf_robust": true
}