{
  "strategy": "trend_following",
  "params": {
    "adx_threshold": 39.7718,
    "fib_zone_tolerance_pct": 1.4975,
    "stop_loss_atr_mult": 4.0628,
    "take_profit_atr_mult": 6.8615,
    "min_volume_ratio": 0.9068,
    "rsi_lower_bound": 25,
    "rsi_upper_bound": 75
  },
  "fitness": 2.9782249435391046,
  "sharpe": 2.002719155690893,
  "wf_sharpe": 3.7956602845443244,
  "trades": 121,
  "net_pnl": 736.2864586702043,
  "wf_robust": true
}