{
  "strategy": "chaos_trend",
  "params": {
    "hurst_window": 136,
    "hurst_min": 0.6607,
    "hurst_max": 0.8848,
    "ema_fast": 19,
    "ema_slow": 29,
    "adx_min": 29.0163,
    "momentum_period": 23,
    "volume_threshold": 1.2771,
    "use_fractal_filter": true,
    "fractal_max": 1.4474,
    "stop_loss_atr_mult": 4.5198,
    "take_profit_atr_mult": 5.5198
  },
  "fitness": 0.48015079990725507,
  "sharpe": 0.2013603451435978,
  "wf_sharpe": 1.7293780010881457,
  "is_train_sharpe": -0.47064919141439304,
  "is_val_sharpe": 1.5201364646408053,
  "cross_asset_median_sharpe": 1.0212898417756926,
  "dsr": 0.0004237253797755858,
  "dsr_pass": false,
  "trades": 60,
  "net_pnl": 70.59440184348676,
  "wf_robust": true
}