{
  "strategy": "volatility_squeeze",
  "params": {
    "keltner_atr_mult": 1.5702,
    "squeeze_min_bars": 3,
    "momentum_lookback": 23,
    "volume_surge_threshold": 1.8728,
    "stop_loss_atr_mult": 3.6584,
    "take_profit_atr_mult": 6.2
  },
  "fitness": 0.28021019716534956,
  "sharpe": 1.5748241983783615,
  "wf_sharpe": 0.2579506637507552,
  "trades": 41,
  "net_pnl": 184.21553098513186,
  "wf_robust": false
}