{
  "strategy": "trend_following",
  "params": {
    "adx_threshold": 37.846,
    "fib_zone_tolerance_pct": 1.191,
    "stop_loss_atr_mult": 1.7026,
    "take_profit_atr_mult": 4.07,
    "min_volume_ratio": 0.9918,
    "rsi_lower_bound": 38,
    "rsi_upper_bound": 74
  },
  "fitness": 0.03896346806042905,
  "sharpe": -0.195338471939978,
  "wf_sharpe": 0.39910303118905743,
  "trades": 165,
  "net_pnl": 59.01554287193493,
  "wf_robust": false
}