{
  "strategy": "donchian_breakout",
  "params": {
    "entry_period": 38,
    "exit_period": 19,
    "volume_surge_threshold": 2.3577,
    "adx_min": 20.3399,
    "atr_filter_mult": 1.0915,
    "use_volatility_filter": true,
    "stop_loss_atr_mult": 5.0,
    "take_profit_atr_mult": 7.8604
  },
  "fitness": 2.29594094744056,
  "sharpe": 1.5656035132536519,
  "wf_sharpe": 1.8443801792102548,
  "is_train_sharpe": 1.8086140639455035,
  "is_val_sharpe": 2.9106105209013213,
  "cross_asset_median_sharpe": 0.4565825296558276,
  "dsr": 0.011188605277262842,
  "dsr_pass": false,
  "trades": 57,
  "net_pnl": 669.5916982058575,
  "wf_robust": true
}