{
  "strategy": "volatility_squeeze",
  "params": {
    "keltner_atr_mult": 1.1729,
    "squeeze_min_bars": 9,
    "momentum_lookback": 13,
    "volume_surge_threshold": 1.9037,
    "stop_loss_atr_mult": 3.7991,
    "take_profit_atr_mult": 4.8131
  },
  "fitness": 4.1167527846201,
  "sharpe": 3.424652935864051,
  "wf_sharpe": 5.400349748099645,
  "trades": 49,
  "net_pnl": 526.6613709176204,
  "wf_robust": true
}