{
  "strategy": "fisher_transform",
  "params": {
    "period": 18,
    "signal_threshold": 1.982,
    "require_divergence": false,
    "divergence_lookback": 14,
    "adx_filter": true,
    "adx_max": 35.3155,
    "stop_loss_atr_mult": 2.1824,
    "take_profit_atr_mult": 3.9579
  },
  "fitness": 0.8748683686089562,
  "sharpe": 1.3699365626504918,
  "wf_sharpe": 2.2913266141102477,
  "trades": 24,
  "net_pnl": 144.51540966807266,
  "wf_robust": false
}