{
  "strategy": "kama_trend",
  "params": {
    "er_period": 14,
    "fast_sc": 5,
    "slow_sc": 28,
    "signal_period": 8,
    "slope_threshold_pct": 0.1129,
    "adx_min": 20.5843,
    "stop_loss_atr_mult": 3.7076,
    "take_profit_atr_mult": 4.8336
  },
  "fitness": 0.014763497633778544,
  "sharpe": 0.1053390743309828,
  "wf_sharpe": 0.37273856101598357,
  "is_train_sharpe": 0.21977557974978146,
  "is_val_sharpe": 6.242400506805705,
  "cross_asset_median_sharpe": 0.140572808470459,
  "dsr": 0.0002264627373632644,
  "dsr_pass": false,
  "trades": 119,
  "net_pnl": 175.75439372515245,
  "wf_robust": false
}