{
  "strategy": "fisher_transform",
  "params": {
    "period": 19,
    "signal_threshold": 2.1797,
    "require_divergence": false,
    "divergence_lookback": 8,
    "adx_filter": true,
    "adx_max": 48.7606,
    "stop_loss_atr_mult": 2.0311,
    "take_profit_atr_mult": 4.8787
  },
  "fitness": 2.389394942375108,
  "sharpe": 1.4285568236960324,
  "wf_sharpe": 2.650889134991894,
  "is_train_sharpe": 0.2779363685768015,
  "is_val_sharpe": 11.182041199768275,
  "cross_asset_median_sharpe": 0.692836857883735,
  "dsr": 0.008545640017591893,
  "dsr_pass": false,
  "trades": 26,
  "net_pnl": 206.5275977048929,
  "wf_robust": false
}