{
  "strategy": "kama_trend",
  "params": {
    "er_period": 15,
    "fast_sc": 5,
    "slow_sc": 27,
    "signal_period": 6,
    "slope_threshold_pct": 0.0546,
    "adx_min": 8.3603,
    "stop_loss_atr_mult": 3.1269,
    "take_profit_atr_mult": 4.2257
  },
  "fitness": 3.0024540640350366,
  "sharpe": 3.1951180084821535,
  "wf_sharpe": 4.125343566965469,
  "is_train_sharpe": 3.83432805797152,
  "is_val_sharpe": 5.5126199189535505,
  "cross_asset_median_sharpe": -0.2722766719687524,
  "dsr": 0.1526475518663558,
  "dsr_pass": false,
  "trades": 20,
  "net_pnl": 553.6367523332376,
  "wf_robust": true
}