{
  "strategy": "chaos_trend",
  "params": {
    "hurst_window": 113,
    "hurst_min": 0.6914,
    "hurst_max": 0.9428,
    "ema_fast": 20,
    "ema_slow": 27,
    "adx_min": 19.9381,
    "momentum_period": 18,
    "volume_threshold": 1.6318,
    "use_fractal_filter": true,
    "fractal_max": 1.4119,
    "stop_loss_atr_mult": 4.7832,
    "take_profit_atr_mult": 5.0543
  },
  "fitness": 2.443964647556393,
  "sharpe": 0.8838505959033635,
  "wf_sharpe": 3.619031770806667,
  "trades": 79,
  "net_pnl": 265.5441449421644,
  "wf_robust": true
}