{
  "strategy": "chaos_trend",
  "params": {
    "hurst_window": 128,
    "hurst_min": 0.6732,
    "hurst_max": 0.7696,
    "ema_fast": 15,
    "ema_slow": 41,
    "adx_min": 27.2647,
    "momentum_period": 17,
    "volume_threshold": 0.9412,
    "use_fractal_filter": true,
    "fractal_max": 1.5485,
    "stop_loss_atr_mult": 4.7585,
    "take_profit_atr_mult": 7.4043
  },
  "fitness": 1.3867400427774779,
  "sharpe": 0.3316985772021944,
  "wf_sharpe": 2.074499005167586,
  "trades": 90,
  "net_pnl": 186.52002220546228,
  "wf_robust": true
}