{
  "strategy": "chaos_trend",
  "params": {
    "hurst_window": 118,
    "hurst_min": 0.6874,
    "hurst_max": 0.8753,
    "ema_fast": 9,
    "ema_slow": 26,
    "adx_min": 22.0915,
    "momentum_period": 14,
    "volume_threshold": 1.914,
    "use_fractal_filter": false,
    "fractal_max": 1.4395,
    "stop_loss_atr_mult": 3.5745,
    "take_profit_atr_mult": 4.0422
  },
  "fitness": 2.381588493594351,
  "sharpe": 2.9870698598991603,
  "wf_sharpe": 1.4720804647969252,
  "is_train_sharpe": 1.1164100826368515,
  "is_val_sharpe": 8.273959544659213,
  "cross_asset_median_sharpe": 1.0109767597980583,
  "dsr": 0.15667339482959108,
  "dsr_pass": false,
  "trades": 56,
  "net_pnl": 903.9447908233719,
  "wf_robust": false
}