{
  "strategy": "momentum",
  "params": {
    "rsi_long_threshold": 64.4025,
    "rsi_short_threshold": 44.717,
    "rsi_overbought": 72.0118,
    "rsi_oversold": 27.4979,
    "roc_min_magnitude": 0.3935,
    "adx_min": 19.5255,
    "volume_surge_threshold": 1.197,
    "use_acceleration_filter": true,
    "stop_loss_atr_mult": 3.7098,
    "take_profit_atr_mult": 5.4731
  },
  "fitness": 0.9683826681061527,
  "sharpe": 0.5211787991365275,
  "wf_sharpe": 1.1515419097034356,
  "trades": 189,
  "net_pnl": 227.50137421895164,
  "wf_robust": true
}