{
  "strategy": "kama_trend",
  "params": {
    "er_period": 16,
    "fast_sc": 4,
    "slow_sc": 32,
    "signal_period": 5,
    "slope_threshold_pct": 0.1242,
    "adx_min": 19.289,
    "stop_loss_atr_mult": 2.9033,
    "take_profit_atr_mult": 3.0842
  },
  "fitness": 0.5831562162022423,
  "sharpe": 0.31865512395589424,
  "wf_sharpe": 0.4591525316139251,
  "is_train_sharpe": 1.8801742984574716,
  "is_val_sharpe": 1.8801742984574716,
  "cross_asset_median_sharpe": 0.18795051178487437,
  "dsr": 0.0031595077316149967,
  "dsr_pass": false,
  "trades": 26,
  "net_pnl": 330.8816098152596,
  "wf_robust": false
}