{
  "strategy": "fisher_transform",
  "params": {
    "period": 13,
    "signal_threshold": 1.297,
    "require_divergence": false,
    "divergence_lookback": 10,
    "adx_filter": true,
    "adx_max": 39.1509,
    "stop_loss_atr_mult": 1.7611,
    "take_profit_atr_mult": 4.3138
  },
  "fitness": 0.937625264093348,
  "sharpe": -0.178580681346311,
  "wf_sharpe": -0.4507608946885359,
  "is_train_sharpe": 0.012627607118421213,
  "is_val_sharpe": 10.123553992650915,
  "cross_asset_median_sharpe": -0.238606637009312,
  "dsr": 1.106363059089066e-05,
  "dsr_pass": false,
  "trades": 127,
  "net_pnl": -261.97278994573963,
  "wf_robust": false
}