{
  "run_timestamp": "2026-03-25T19:46:23.526288+00:00",
  "generations": 92,
  "total_evaluated": 3720,
  "total_robust": 951,
  "hall_of_fame": [
    {
      "strategy": "volatility_squeeze",
      "params": {
        "keltner_atr_mult": 1.1996,
        "squeeze_min_bars": 5,
        "momentum_lookback": 13,
        "volume_surge_threshold": 1.8849,
        "stop_loss_atr_mult": 3.8126,
        "take_profit_atr_mult": 8.0
      },
      "fitness": 3.3465186119137527,
      "sharpe": 3.1537099800077315,
      "pf": 2.998324197933523,
      "trades": 56,
      "win_rate": 0.6428571428571429,
      "net_pnl": 653.3788920341766,
      "max_dd": 0.8222015999065042,
      "wf_sharpe": 3.995740897675836,
      "wf_degradation": 14.338277368768937,
      "wf_robust": true,
      "generation": 65,
      "genome_id": "G65_vol_4606"
    },
    {
      "strategy": "volatility_squeeze",
      "params": {
        "keltner_atr_mult": 1.1783,
        "squeeze_min_bars": 8,
        "momentum_lookback": 13,
        "volume_surge_threshold": 2.0305,
        "stop_loss_atr_mult": 4.0,
        "take_profit_atr_mult": 5.7416
      },
      "fitness": 3.0168808099330904,
      "sharpe": 2.924218132168955,
      "pf": 3.6175312074008423,
      "trades": 44,
      "win_rate": 0.6818181818181818,
      "net_pnl": 502.19871469782174,
      "max_dd": 0.7405424596826077,
      "wf_sharpe": 3.5223928137811553,
      "wf_degradation": 29.498431461202888,
      "wf_robust": true,
      "generation": 52,
      "genome_id": "G52_vol_4771"
    },
    {
      "strategy": "volatility_squeeze",
      "params": {
        "keltner_atr_mult": 1.0,
        "squeeze_min_bars": 8,
        "momentum_lookback": 12,
        "volume_surge_threshold": 1.9932,
        "stop_loss_atr_mult": 3.674,
        "take_profit_atr_mult": 8.0
      },
      "fitness": 2.6927526243170052,
      "sharpe": 2.9460522742802047,
      "pf": 3.0308839885743537,
      "trades": 51,
      "win_rate": 0.5882352941176471,
      "net_pnl": 584.2761149681648,
      "max_dd": 0.7203475464084094,
      "wf_sharpe": 2.8315087575210223,
      "wf_degradation": 23.279420417409103,
      "wf_robust": true,
      "generation": 57,
      "genome_id": "G57_vol_4944"
    },
    {
      "strategy": "volatility_squeeze",
      "params": {
        "keltner_atr_mult": 1.0329,
        "squeeze_min_bars": 6,
        "momentum_lookback": 13,
        "volume_surge_threshold": 2.0053,
        "stop_loss_atr_mult": 3.2511,
        "take_profit_atr_mult": 6.8593
      },
      "fitness": 2.6092101338694302,
      "sharpe": 1.668579787528843,
      "pf": 1.684082732934647,
      "trades": 58,
      "win_rate": 0.5172413793103449,
      "net_pnl": 325.2891017606491,
      "max_dd": 1.127863189689256,
      "wf_sharpe": 3.405183793112271,
      "wf_degradation": 1.6108819028317067,
      "wf_robust": true,
      "generation": 88,
      "genome_id": "G88_vol_6204"
    },
    {
      "strategy": "trend_following",
      "params": {
        "adx_threshold": 29.7261,
        "fib_zone_tolerance_pct": 2.6038,
        "stop_loss_atr_mult": 5.0,
        "take_profit_atr_mult": 7.4779,
        "min_volume_ratio": 1.0043,
        "rsi_lower_bound": 38,
        "rsi_upper_bound": 62
      },
      "fitness": 2.3588398018048387,
      "sharpe": 1.2865500645410335,
      "pf": 1.3665634216582176,
      "trades": 180,
      "win_rate": 0.55,
      "net_pnl": 644.574967900661,
      "max_dd": 2.4464462210339284,
      "wf_sharpe": 2.9071581947070153,
      "wf_degradation": 6.201654763499674,
      "wf_robust": true,
      "generation": 52,
      "genome_id": "G52_tre_8416"
    },
    {
      "strategy": "donchian_breakout",
      "params": {
        "entry_period": 21,
        "exit_period": 16,
        "volume_surge_threshold": 1.1425,
        "adx_min": 14.2116,
        "atr_filter_mult": 0.9546,
        "use_volatility_filter": true,
        "stop_loss_atr_mult": 4.0915,
        "take_profit_atr_mult": 7.6226
      },
      "fitness": 2.302716303623619,
      "sharpe": 1.8930506825019346,
      "pf": 1.487199538415404,
      "trades": 187,
      "win_rate": 0.48663101604278075,
      "net_pnl": 795.5959007653958,
      "max_dd": 2.13507576969609,
      "wf_sharpe": 2.4233804743751604,
      "wf_degradation": 16.21411364571646,
      "wf_robust": true,
      "generation": 68,
      "genome_id": "G68_don_6475"
    },
    {
      "strategy": "kama_trend",
      "params": {
        "er_period": 14,
        "fast_sc": 5,
        "slow_sc": 27,
        "signal_period": 7,
        "slope_threshold_pct": 0.0882,
        "adx_min": 8.6772,
        "stop_loss_atr_mult": 1.9113,
        "take_profit_atr_mult": 5.8975
      },
      "fitness": 2.1964775753830104,
      "sharpe": 1.8543538135654194,
      "pf": 2.1909471723787797,
      "trades": 37,
      "win_rate": 0.5405405405405406,
      "net_pnl": 332.65945531333296,
      "max_dd": 0.6753148299953335,
      "wf_sharpe": 2.5581592800979247,
      "wf_degradation": 21.98801253124644,
      "wf_robust": true,
      "generation": 43,
      "genome_id": "G43_kam_6082"
    },
    {
      "strategy": "kama_trend",
      "params": {
        "er_period": 16,
        "fast_sc": 4,
        "slow_sc": 26,
        "signal_period": 6,
        "slope_threshold_pct": 0.0583,
        "adx_min": 23.2606,
        "stop_loss_atr_mult": 1.6414,
        "take_profit_atr_mult": 3.0769
      },
      "fitness": 1.9321548946151732,
      "sharpe": 0.8305785643099617,
      "pf": 1.5588498028793942,
      "trades": 40,
      "win_rate": 0.525,
      "net_pnl": 151.5454869640921,
      "max_dd": 0.8291001911153315,
      "wf_sharpe": 2.671955313951536,
      "wf_degradation": 31.094213853248835,
      "wf_robust": true,
      "generation": 36,
      "genome_id": "G36_kam_8590"
    },
    {
      "strategy": "donchian_breakout",
      "params": {
        "entry_period": 47,
        "exit_period": 14,
        "volume_surge_threshold": 1.2939,
        "adx_min": 13.819,
        "atr_filter_mult": 1.2395,
        "use_volatility_filter": false,
        "stop_loss_atr_mult": 4.0246,
        "take_profit_atr_mult": 8.0
      },
      "fitness": 1.9084509697675758,
      "sharpe": 1.749022750785441,
      "pf": 1.519228686701844,
      "trades": 131,
      "win_rate": 0.46564885496183206,
      "net_pnl": 632.6028769683836,
      "max_dd": 1.6444402947087018,
      "wf_sharpe": 2.7689015382775426,
      "wf_degradation": 54.41131784634713,
      "wf_robust": false,
      "generation": 89,
      "genome_id": "G89_don_7826"
    },
    {
      "strategy": "kama_trend",
      "params": {
        "er_period": 9,
        "fast_sc": 5,
        "slow_sc": 32,
        "signal_period": 6,
        "slope_threshold_pct": 0.0551,
        "adx_min": 14.651,
        "stop_loss_atr_mult": 1.8241,
        "take_profit_atr_mult": 3.3729
      },
      "fitness": 1.8888088276339692,
      "sharpe": 0.48838588819794027,
      "pf": 1.3269192883904823,
      "trades": 43,
      "win_rate": 0.4883720930232558,
      "net_pnl": 115.35774516646377,
      "max_dd": 1.7044702906956204,
      "wf_sharpe": 2.7857808121142424,
      "wf_degradation": 31.335867822594526,
      "wf_robust": true,
      "generation": 73,
      "genome_id": "G73_kam_4865"
    },
    {
      "strategy": "donchian_breakout",
      "params": {
        "entry_period": 22,
        "exit_period": 15,
        "volume_surge_threshold": 0.9786,
        "adx_min": 19.1323,
        "atr_filter_mult": 0.8037,
        "use_volatility_filter": false,
        "stop_loss_atr_mult": 4.5493,
        "take_profit_atr_mult": 7.9016
      },
      "fitness": 1.7818807784644557,
      "sharpe": 1.478778331761238,
      "pf": 1.4074820176251799,
      "trades": 181,
      "win_rate": 0.4861878453038674,
      "net_pnl": 604.5555303324076,
      "max_dd": 2.085559175133188,
      "wf_sharpe": 2.178686896323593,
      "wf_degradation": 43.547293617614734,
      "wf_robust": true,
      "generation": 83,