{
  "run_timestamp": "2026-03-27T15:45:40.856762+00:00",
  "generations": 25,
  "total_evaluated": 1040,
  "total_robust": 184,
  "hall_of_fame": [
    {
      "strategy": "chaos_trend",
      "params": {
        "hurst_window": 118,
        "hurst_min": 0.6522,
        "hurst_max": 0.85,
        "ema_fast": 18,
        "ema_slow": 20,
        "adx_min": 29.9398,
        "momentum_period": 19,
        "volume_threshold": 1.6758,
        "use_fractal_filter": true,
        "fractal_max": 1.5467,
        "stop_loss_atr_mult": 4.2046,
        "take_profit_atr_mult": 5.1046
      },
      "fitness": 3.215834155334094,
      "sharpe": 2.3012107241082593,
      "pf": 1.9902830188818876,
      "trades": 88,
      "win_rate": 0.6136363636363636,
      "net_pnl": 736.301996733953,
      "max_dd": 1.7478889441202616,
      "wf_sharpe": 4.155474513307591,
      "wf_degradation": 0.0,
      "wf_robust": true,
      "generation": 25,
      "genome_id": "G25_cha_1667"
    },
    {
      "strategy": "chaos_trend",
      "params": {
        "hurst_window": 118,
        "hurst_min": 0.6522,
        "hurst_max": 0.85,
        "ema_fast": 19,
        "ema_slow": 20,
        "adx_min": 30.0,
        "momentum_period": 22,
        "volume_threshold": 1.6758,
        "use_fractal_filter": false,
        "fractal_max": 1.5209,
        "stop_loss_atr_mult": 4.3843,
        "take_profit_atr_mult": 6.2157
      },
      "fitness": 2.8459525474669127,
      "sharpe": 1.1871991760814373,
      "pf": 1.4599910398170513,
      "trades": 86,
      "win_rate": 0.5348837209302325,
      "net_pnl": 404.3509376598299,
      "max_dd": 2.135708126181006,
      "wf_sharpe": 4.088716130034261,
      "wf_degradation": 28.572585566714558,
      "wf_robust": true,
      "generation": 17,
      "genome_id": "G17_cha_6112"
    },
    {
      "strategy": "chaos_trend",
      "params": {
        "hurst_window": 118,
        "hurst_min": 0.6497,
        "hurst_max": 0.8037,
        "ema_fast": 19,
        "ema_slow": 45,
        "adx_min": 29.9398,
        "momentum_period": 14,
        "volume_threshold": 1.6758,
        "use_fractal_filter": false,
        "fractal_max": 1.55,
        "stop_loss_atr_mult": 4.2443,
        "take_profit_atr_mult": 7.6699
      },
      "fitness": 2.0794206086155986,
      "sharpe": 0.7837315595375598,
      "pf": 1.3571775558679509,
      "trades": 75,
      "win_rate": 0.52,
      "net_pnl": 301.1650793645281,
      "max_dd": 2.5411062581060078,
      "wf_sharpe": 2.825104658801399,
      "wf_degradation": 0.0,
      "wf_robust": true,
      "generation": 14,
      "genome_id": "G14_cha_8736"
    },
    {
      "strategy": "chaos_trend",
      "params": {
        "hurst_window": 118,
        "hurst_min": 0.6497,
        "hurst_max": 0.8037,
        "ema_fast": 20,
        "ema_slow": 45,
        "adx_min": 29.9398,
        "momentum_period": 15,
        "volume_threshold": 1.6758,
        "use_fractal_filter": true,
        "fractal_max": 1.55,
        "stop_loss_atr_mult": 4.2443,
        "take_profit_atr_mult": 7.6699
      },
      "fitness": 2.063365987793995,
      "sharpe": 0.921804120997252,
      "pf": 1.4238852937745436,
      "trades": 75,
      "win_rate": 0.52,
      "net_pnl": 333.72181741292496,
      "max_dd": 1.9563005930514954,
      "wf_sharpe": 2.710151880282377,
      "wf_degradation": 2.9771947943483745,
      "wf_robust": true,
      "generation": 15,
      "genome_id": "G15_cha_5782"
    },
    {
      "strategy": "vol_regime_arb",
      "params": {
        "gk_fast_period": 15,
        "gk_slow_period": 73,
        "gk_baseline_period": 128,
        "expansion_zscore_threshold": -1.0404,
        "expansion_min_bars_compressed": 9,
        "expansion_momentum_period": 10,
        "expansion_adx_min": 25.3202,
        "contraction_zscore_threshold": 2.4026,
        "contraction_rsi_oversold": 29.4769,
        "contraction_rsi_overbought": 63.4526,
        "enable_contraction_mode": false,
        "volume_threshold": 1.7273,
        "stop_loss_atr_mult": 3.7873,
        "take_profit_atr_mult": 5.6058
      },
      "fitness": 2.0598190986039264,
      "sharpe": 1.1763538791646853,
      "pf": 1.6037328171092935,
      "trades": 36,
      "win_rate": 0.5833333333333334,
      "net_pnl": 101.07780937518861,
      "max_dd": 0.7918332903482128,
      "wf_sharpe": 2.6971220820178194,
      "wf_degradation": 20.0,
      "wf_robust": true,
      "generation": 18,
      "genome_id": "G18_vol_7882"
    },
    {
      "strategy": "donchian_breakout",
      "params": {
        "entry_period": 44,
        "exit_period": 18,
        "volume_surge_threshold": 1.5887,
        "adx_min": 24.7072,
        "atr_filter_mult": 1.2534,
        "use_volatility_filter": false,
        "stop_loss_atr_mult": 3.5953,
        "take_profit_atr_mult": 7.7889
      },
      "fitness": 2.0290350252223033,
      "sharpe": 1.510359828602199,
      "pf": 1.4277121052928257,
      "trades": 126,
      "win_rate": 0.4365079365079365,
      "net_pnl": 545.1957554570724,
      "max_dd": 1.4241563710291034,
      "wf_sharpe": 2.2062827090333785,
      "wf_degradation": 30.542123428509683,
      "wf_robust": true,
      "generation": 25,
      "genome_id": "G25_don_5355"
    },
    {
      "strategy": "keltner_breakout",
      "params": {
        "ema_period": 15,
        "atr_mult": 3.1012,
        "rsi_long_min": 45.2574,
        "rsi_short_max": 49.7023,
        "adx_min": 17.5132,
        "volume_threshold": 1.0953,
        "stop_loss_atr_mult": 1.4544,
        "take_profit_atr_mult": 5.2839
      },
      "fitness": 1.9363194117669464,
      "sharpe": 0.38987843923084087,
      "pf": 1.3422662529197833,
      "trades": 41,
      "win_rate": 0.4878048780487805,
      "net_pnl": 60.2052638399139,
      "max_dd": 1.0078899151959064,
      "wf_sharpe": 2.8959973466545263,
      "wf_degradation": 22.759554487311,
      "wf_robust": true,
      "generation": 22,
      "genome_id": "G22_kel_1897"
    },
    {
      "strategy": "keltner_breakout",
      "params": {
        "ema_period": 15,
        "atr_mult": 3.1012,
        "rsi_long_min": 40.4024,
        "rsi_short_max": 44.0195,
        "adx_min": 17.5132,
        "volume_threshold": 1.5666,
        "stop_loss_atr_mult": 2.4524,
        "take_profit_atr_mult": 4.7332
      },
      "fitness": 1.9221570122698077,
      "sharpe": 0.5776722436437147,
      "pf": 1.4497225977061607,
      "trades": 41,
      "win_rate": 0.5365853658536586,
      "net_pnl": 79.83713258191582,
      "max_dd": 1.134703388240137,
      "wf_sharpe": 2.754996265012525,
      "wf_degradation": 20.0,
      "wf_robust": true,
      "generation": 22,
      "genome_id": "G22_kel_5218"
    },
    {
      "strategy": "kama_trend",
      "params": {
        "er_period": 15,
        "fast_sc": 5,
        "slow_sc": 31,
        "signal_period": 8,
        "slope_threshold_pct": 0.1065,
        "adx_min": 11.9195,
        "stop_loss_atr_mult": 2.3014,
        "take_profit_atr_mult": 3.6908
      },
      "fitness": 1.5997300323314159,
      "sharpe": 0.7823929860280351,
      "pf": 1.567282463334345,
      "trades": 33,
      "win_rate": 0.5757575757575758,
      "net_pnl": 165.03459312564195,
      "max_dd": 1.301092811335374,
      "wf_sharpe": 2.030722760752715,
      "wf_degradation": 23.75203547987102,
      "wf_robust": true,
      "generation": 20,
      "genome_id": "G20_kam_3557"
    },
    {
      "strategy": "keltner_breakout",
      "params": {
        "ema_period": 15,
        "atr_mult": 2.7176,
        "rsi_long_min": 43.0177,
        "rsi_short_max": 54.1421,
        "adx_min": 19.0096,
        "volume_threshold": 1.9479,
        "stop_loss_atr_mult": 2.2733,
        "take_profit_atr_mult": 7.0623
      },
      "fitness": 1.5942416746542645,
      "sharpe": 0.17368310965041658,
      "pf": 1.147738801783832,
      "trades": 55,
      "win_rate": 0.45454545454545453,
      "net_pnl": 54.66297841891382,
      "max_dd": 1.8500928205256733,