{
  "run_timestamp": "2026-03-28T14:26:10.500829+00:00",
  "generations": 16,
  "total_evaluated": 1020,
  "total_robust": 183,
  "hall_of_fame": [
    {
      "strategy": "chaos_trend",
      "params": {
        "hurst_window": 117,
        "hurst_min": 0.5905,
        "hurst_max": 0.8058,
        "ema_fast": 8,
        "ema_slow": 46,
        "adx_min": 26.116,
        "momentum_period": 22,
        "volume_threshold": 1.6278,
        "use_fractal_filter": false,
        "fractal_max": 1.3651,
        "stop_loss_atr_mult": 4.9006,
        "take_profit_atr_mult": 8.0
      },
      "fitness": 2.383127044115038,
      "sharpe": 0.7528549114806231,
      "pf": 1.24501275184333,
      "trades": 123,
      "win_rate": 0.5121951219512195,
      "net_pnl": 360.1002936924966,
      "max_dd": 3.0524898482139977,
      "wf_sharpe": 3.3521042702672177,
      "wf_degradation": 20.0,
      "wf_robust": true,
      "generation": 16,
      "genome_id": "G16_cha_8160"
    },
    {
      "strategy": "kama_trend",
      "params": {
        "er_period": 16,
        "fast_sc": 4,
        "slow_sc": 33,
        "signal_period": 6,
        "slope_threshold_pct": 0.0723,
        "adx_min": 22.1685,
        "stop_loss_atr_mult": 2.6511,
        "take_profit_atr_mult": 2.853
      },
      "fitness": 2.196611341055727,
      "sharpe": 1.1512226673751296,
      "pf": 1.9524564371286581,
      "trades": 32,
      "win_rate": 0.625,
      "net_pnl": 200.87405624363984,
      "max_dd": 0.9126473489989507,
      "wf_sharpe": 3.009341901126431,
      "wf_degradation": 18.723338097586215,
      "wf_robust": true,
      "generation": 16,
      "genome_id": "G16_kam_1178"
    },
    {
      "strategy": "keltner_breakout",
      "params": {
        "ema_period": 15,
        "atr_mult": 2.6858,
        "rsi_long_min": 57.5439,
        "rsi_short_max": 43.1656,
        "adx_min": 28.2969,
        "volume_threshold": 1.9787,
        "stop_loss_atr_mult": 2.1605,
        "take_profit_atr_mult": 2.6605
      },
      "fitness": 1.9504402572214943,
      "sharpe": 1.5248826655083283,
      "pf": 1.8411387743257712,
      "trades": 66,
      "win_rate": 0.7272727272727273,
      "net_pnl": 242.82619915545857,
      "max_dd": 0.7801932409139744,
      "wf_sharpe": 2.1480199667327065,
      "wf_degradation": 16.69291551920744,
      "wf_robust": true,
      "generation": 9,
      "genome_id": "G9_kel_9493"
    },
    {
      "strategy": "dual_ma",
      "params": {
        "fast_period": 22,
        "slow_period": 37,
        "signal_type": "sma",
        "require_adx": true,
        "adx_min": 23.6563,
        "require_volume": true,
        "volume_threshold": 1.6531,
        "stop_loss_atr_mult": 3.1883,
        "take_profit_atr_mult": 4.1883
      },
      "fitness": 1.3492070243550058,
      "sharpe": 1.10049885405629,
      "pf": 1.8740968037370975,
      "trades": 30,
      "win_rate": 0.5666666666666667,
      "net_pnl": 16.809152439895968,
      "max_dd": 0.10332736655530506,
      "wf_sharpe": 1.9505180205543122,
      "wf_degradation": 44.81606901526264,
      "wf_robust": true,
      "generation": 4,
      "genome_id": "G4_dua_2789"
    },
    {
      "strategy": "chaos_trend",
      "params": {
        "hurst_window": 114,
        "hurst_min": 0.5706,
        "hurst_max": 0.7831,
        "ema_fast": 8,
        "ema_slow": 42,
        "adx_min": 22.5332,
        "momentum_period": 22,
        "volume_threshold": 1.2364,
        "use_fractal_filter": true,
        "fractal_max": 1.3541,
        "stop_loss_atr_mult": 4.0858,
        "take_profit_atr_mult": 7.4431
      },
      "fitness": 1.3149065139978697,
      "sharpe": 0.708961496943106,
      "pf": 1.25456807782101,
      "trades": 116,
      "win_rate": 0.5258620689655172,
      "net_pnl": 295.307616736106,
      "max_dd": 2.6048757373908655,
      "wf_sharpe": 2.1088120064329816,
      "wf_degradation": 51.37734787060947,
      "wf_robust": false,
      "generation": 9,
      "genome_id": "G9_cha_8336"
    },
    {
      "strategy": "keltner_breakout",
      "params": {
        "ema_period": 15,
        "atr_mult": 3.1512,
        "rsi_long_min": 53.7559,
        "rsi_short_max": 47.8651,
        "adx_min": 29.5025,
        "volume_threshold": 1.2414,
        "stop_loss_atr_mult": 2.4143,
        "take_profit_atr_mult": 2.8993
      },
      "fitness": 1.2477923795357135,
      "sharpe": 0.7225973813159079,
      "pf": 1.5817570678506625,
      "trades": 41,
      "win_rate": 0.6341463414634146,
      "net_pnl": 77.23094274057517,
      "max_dd": 0.5352716496614073,
      "wf_sharpe": 1.6392445792292634,
      "wf_degradation": 37.99831655720607,
      "wf_robust": true,
      "generation": 14,
      "genome_id": "G14_kel_8446"
    },
    {
      "strategy": "keltner_breakout",
      "params": {
        "ema_period": 28,
        "atr_mult": 3.3477,
        "rsi_long_min": 40.8026,
        "rsi_short_max": 43.8615,
        "adx_min": 17.9577,
        "volume_threshold": 1.9782,
        "stop_loss_atr_mult": 1.1116,
        "take_profit_atr_mult": 6.545
      },
      "fitness": 1.1889272584431299,
      "sharpe": 0.1710624410263601,
      "pf": 1.1172406386953262,
      "trades": 65,
      "win_rate": 0.49230769230769234,
      "net_pnl": 62.19659946295147,
      "max_dd": 2.2553108857376394,
      "wf_sharpe": 2.312414878029803,
      "wf_degradation": 51.80188199346217,
      "wf_robust": false,
      "generation": 3,
      "genome_id": "G3_kel_5136"
    },
    {
      "strategy": "keltner_breakout",
      "params": {
        "ema_period": 14,
        "atr_mult": 2.8479,
        "rsi_long_min": 57.6195,
        "rsi_short_max": 56.777,
        "adx_min": 13.3446,
        "volume_threshold": 1.9787,
        "stop_loss_atr_mult": 2.1605,
        "take_profit_atr_mult": 3.5896
      },
      "fitness": 1.1826595918413347,
      "sharpe": 0.36218079031949424,
      "pf": 1.2580390189971997,
      "trades": 45,
      "win_rate": 0.6,
      "net_pnl": 63.39591406488336,
      "max_dd": 0.792322048383902,
      "wf_sharpe": 2.315012612394926,
      "wf_degradation": 53.20836002145044,
      "wf_robust": false,
      "generation": 5,
      "genome_id": "G5_kel_3327"
    },
    {
      "strategy": "vol_regime_arb",
      "params": {
        "gk_fast_period": 14,
        "gk_slow_period": 49,
        "gk_baseline_period": 100,
        "expansion_zscore_threshold": -0.8482,
        "expansion_min_bars_compressed": 5,
        "expansion_momentum_period": 17,
        "expansion_adx_min": 22.4546,
        "contraction_zscore_threshold": 2.2915,
        "contraction_rsi_oversold": 30.265,
        "contraction_rsi_overbought": 70.7089,
        "enable_contraction_mode": false,
        "volume_threshold": 1.4252,
        "stop_loss_atr_mult": 2.1519,
        "take_profit_atr_mult": 6.777
      },
      "fitness": 1.1557010053876493,
      "sharpe": 1.2976195926040375,
      "pf": 1.4322601203434657,
      "trades": 106,
      "win_rate": 0.4056603773584906,
      "net_pnl": 205.77943224191895,
      "max_dd": 0.6801738688699582,
      "wf_sharpe": 1.0694568537100715,
      "wf_degradation": 41.73286043299022,
      "wf_robust": true,
      "generation": 13,
      "genome_id": "G13_vol_5272"
    },
    {
      "strategy": "kama_trend",
      "params": {
        "er_period": 15,
        "fast_sc": 5,
        "slow_sc": 27,
        "signal_period": 7,
        "slope_threshold_pct": 0.1224,
        "adx_min": 20.8773,
        "stop_loss_atr_mult": 2.5998,
        "take_profit_atr_mult": 3.1168
      },
      "fitness": 1.0837333162981708,
      "sharpe": 1.3783544180570384,
      "pf": 2.786206277046833,
      "trades": 17,
      "win_rate": 0.7058823529411765,
      "net_pnl": 169.05296518049252,
      "max_dd": 0.7001570658077753,
      "wf_sharpe": 2.934606113318611,
      "wf_degradation": 51.519870009193404,
      "wf_robust": false,
      "generation": 9,
      "genome_id": "G9_kam_9012"
    },
    {
      "strategy": "kama_trend",