{
  "run_timestamp": "2026-03-31T06:41:41.354915+00:00",
  "generations": 778,
  "total_evaluated": 31160,
  "total_robust": 10358,
  "hall_of_fame": [
    {
      "strategy": "volatility_squeeze",
      "params": {
        "keltner_atr_mult": 1.1729,
        "squeeze_min_bars": 9,
        "momentum_lookback": 13,
        "volume_surge_threshold": 1.9037,
        "stop_loss_atr_mult": 3.7991,
        "take_profit_atr_mult": 4.8131
      },
      "fitness": 4.1167527846201,
      "sharpe": 3.424652935864051,
      "pf": 3.7165498763877745,
      "trades": 49,
      "win_rate": 0.7142857142857143,
      "net_pnl": 526.6613709176204,
      "max_dd": 0.6201589781434051,
      "wf_sharpe": 5.400349748099645,
      "wf_degradation": 16.465114553242696,
      "wf_robust": true,
      "generation": 313,
      "genome_id": "G313_vol_5456"
    },
    {
      "strategy": "vol_regime_arb",
      "params": {
        "gk_fast_period": 8,
        "gk_slow_period": 62,
        "gk_baseline_period": 75,
        "expansion_zscore_threshold": -1.0117,
        "expansion_min_bars_compressed": 9,
        "expansion_momentum_period": 17,
        "expansion_adx_min": 16.4359,
        "contraction_zscore_threshold": 1.5847,
        "contraction_rsi_oversold": 35.1707,
        "contraction_rsi_overbought": 70.1509,
        "enable_contraction_mode": false,
        "volume_threshold": 1.4107,
        "stop_loss_atr_mult": 1.9028,
        "take_profit_atr_mult": 6.7249
      },
      "fitness": 3.7286359673400775,
      "sharpe": 3.9923893523921024,
      "pf": 4.767282364873205,
      "trades": 36,
      "win_rate": 0.6388888888888888,
      "net_pnl": 307.2843961336508,
      "max_dd": 0.2556801980537514,
      "wf_sharpe": 4.3451345355536715,
      "wf_degradation": 23.83795290963131,
      "wf_robust": true,
      "generation": 729,
      "genome_id": "G729_vol_4661"
    },
    {
      "strategy": "volatility_squeeze",
      "params": {
        "keltner_atr_mult": 1.0907,
        "squeeze_min_bars": 6,
        "momentum_lookback": 13,
        "volume_surge_threshold": 1.9075,
        "stop_loss_atr_mult": 3.3804,
        "take_profit_atr_mult": 7.3234
      },
      "fitness": 3.1899535095921294,
      "sharpe": 2.55132113717834,
      "pf": 2.181638288411544,
      "trades": 62,
      "win_rate": 0.5483870967741935,
      "net_pnl": 510.3169364440238,
      "max_dd": 1.005416389911126,
      "wf_sharpe": 4.023687459868237,
      "wf_degradation": 16.562192756080616,
      "wf_robust": true,
      "generation": 295,
      "genome_id": "G295_vol_9937"
    },
    {
      "strategy": "trend_following",
      "params": {
        "adx_threshold": 39.7718,
        "fib_zone_tolerance_pct": 1.4975,
        "stop_loss_atr_mult": 4.0628,
        "take_profit_atr_mult": 6.8615,
        "min_volume_ratio": 0.9068,
        "rsi_lower_bound": 25,
        "rsi_upper_bound": 75
      },
      "fitness": 2.9782249435391046,
      "sharpe": 2.002719155690893,
      "pf": 1.6789816891908684,
      "trades": 121,
      "win_rate": 0.5950413223140496,
      "net_pnl": 736.2864586702043,
      "max_dd": 1.7565452215425281,
      "wf_sharpe": 3.7956602845443244,
      "wf_degradation": 6.208490774279047,
      "wf_robust": true,
      "generation": 215,
      "genome_id": "G215_tre_2442"
    },
    {
      "strategy": "volatility_squeeze",
      "params": {
        "keltner_atr_mult": 1.2426,
        "squeeze_min_bars": 9,
        "momentum_lookback": 13,
        "volume_surge_threshold": 1.8792,
        "stop_loss_atr_mult": 2.3179,
        "take_profit_atr_mult": 7.7023
      },
      "fitness": 2.7591309959864714,
      "sharpe": 2.1921556712043873,
      "pf": 2.3148708615137537,
      "trades": 50,
      "win_rate": 0.52,
      "net_pnl": 398.0350058762945,
      "max_dd": 0.8219225593376117,
      "wf_sharpe": 3.4205639881646817,
      "wf_degradation": 22.6345079859349,
      "wf_robust": true,
      "generation": 210,
      "genome_id": "G210_vol_5540"
    },
    {
      "strategy": "trend_following",
      "params": {
        "adx_threshold": 39.7718,
        "fib_zone_tolerance_pct": 1.4975,
        "stop_loss_atr_mult": 3.9433,
        "take_profit_atr_mult": 7.7711,
        "min_volume_ratio": 0.9068,
        "rsi_lower_bound": 31,
        "rsi_upper_bound": 55
      },
      "fitness": 2.73565587838506,
      "sharpe": 1.8946403816959752,
      "pf": 1.6198562936241958,
      "trades": 118,
      "win_rate": 0.576271186440678,
      "net_pnl": 695.3231086673499,
      "max_dd": 1.7478426771682094,
      "wf_sharpe": 3.3803906028594026,
      "wf_degradation": 18.086052385909973,
      "wf_robust": true,
      "generation": 204,
      "genome_id": "G204_tre_9111"
    },
    {
      "strategy": "volatility_squeeze",
      "params": {
        "keltner_atr_mult": 1.1584,
        "squeeze_min_bars": 8,
        "momentum_lookback": 13,
        "volume_surge_threshold": 1.9071,
        "stop_loss_atr_mult": 1.2499,
        "take_profit_atr_mult": 4.6555
      },
      "fitness": 2.67948946668656,
      "sharpe": 2.083941898087966,
      "pf": 2.078095481602542,
      "trades": 60,
      "win_rate": 0.4,
      "net_pnl": 288.6131635520704,
      "max_dd": 0.5508092479411695,
      "wf_sharpe": 3.2897448820759196,
      "wf_degradation": 23.156169680523128,
      "wf_robust": true,
      "generation": 153,
      "genome_id": "G153_vol_5555"
    },
    {
      "strategy": "dual_ma",
      "params": {
        "fast_period": 19,
        "slow_period": 18,
        "signal_type": "ema",
        "require_adx": false,
        "adx_min": 17.4025,
        "require_volume": false,
        "volume_threshold": 1.8017,
        "stop_loss_atr_mult": 3.3727,
        "take_profit_atr_mult": 5.6404
      },
      "fitness": 2.6624725461040395,
      "sharpe": 2.4671487024731475,
      "pf": 2.2105746928934513,
      "trades": 122,
      "win_rate": 0.5737704918032787,
      "net_pnl": 5.07136303392814,
      "max_dd": 0.009196975918941502,
      "wf_sharpe": 3.080428629916832,
      "wf_degradation": 34.91442420348235,
      "wf_robust": true,
      "generation": 715,
      "genome_id": "G715_dua_9529"
    },
    {
      "strategy": "vol_regime_arb",
      "params": {
        "gk_fast_period": 15,
        "gk_slow_period": 51,
        "gk_baseline_period": 79,
        "expansion_zscore_threshold": -1.2436,
        "expansion_min_bars_compressed": 9,
        "expansion_momentum_period": 12,
        "expansion_adx_min": 18.5896,
        "contraction_zscore_threshold": 2.3401,
        "contraction_rsi_oversold": 26.2209,
        "contraction_rsi_overbought": 67.7609,
        "enable_contraction_mode": false,
        "volume_threshold": 1.4659,
        "stop_loss_atr_mult": 2.0274,
        "take_profit_atr_mult": 6.4723
      },
      "fitness": 2.564937028708556,
      "sharpe": 2.34734630803421,
      "pf": 2.2338201244069738,
      "trades": 47,
      "win_rate": 0.48936170212765956,
      "net_pnl": 248.66603383422523,
      "max_dd": 0.5836835171805101,
      "wf_sharpe": 2.9514367522545744,
      "wf_degradation": 5.314975676203583,
      "wf_robust": true,
      "generation": 646,
      "genome_id": "G646_vol_2010"
    },
    {
      "strategy": "kama_trend",
      "params": {
        "er_period": 15,
        "fast_sc": 5,
        "slow_sc": 29,
        "signal_period": 5,
        "slope_threshold_pct": 0.0635,
        "adx_min": 17.4426,
        "stop_loss_atr_mult": 3.5405,
        "take_profit_atr_mult": 4.2116
      },
      "fitness": 2.4742779214723267,
      "sharpe": 2.3948365250024706,
      "pf": 4.799647071852566,
      "trades": 21,
      "win_rate": 0.7619047619047619,
      "net_pnl": 302.2429173833612,
      "max_dd": 0.5572233238834491,
      "wf_sharpe": 3.8027494403984874,
      "wf_degradation": 26.714187713887732,
      "wf_robust": true,
      "generation": 404,
      "genome_id": "G404_kam_8511"
    },
    {
      "strategy": "chaos_trend",