{
  "run_timestamp": "2026-03-22T06:35:43.543984+00:00",
  "generations": 725,
  "total_evaluated": 29040,
  "total_robust": 5236,
  "hall_of_fame": [
    {
      "strategy": "kama_trend",
      "params": {
        "er_period": 15,
        "fast_sc": 5,
        "slow_sc": 29,
        "signal_period": 5,
        "slope_threshold_pct": 0.0863,
        "adx_min": 19.3667,
        "stop_loss_atr_mult": 2.2248,
        "take_profit_atr_mult": 5.3858
      },
      "fitness": 3.5292982373614707,
      "sharpe": 3.3650781153130467,
      "pf": 11.702481229204773,
      "trades": 13,
      "win_rate": 0.8461538461538461,
      "net_pnl": 366.92900386453783,
      "max_dd": 0.43514202446858913,
      "wf_sharpe": 4.526559734042806,
      "wf_degradation": 20.0,
      "wf_robust": false,
      "generation": 657,
      "genome_id": "G657_kam_1678"
    },
    {
      "strategy": "kama_trend",
      "params": {
        "er_period": 15,
        "fast_sc": 5,
        "slow_sc": 29,
        "signal_period": 5,
        "slope_threshold_pct": 0.0878,
        "adx_min": 16.6128,
        "stop_loss_atr_mult": 3.2815,
        "take_profit_atr_mult": 5.3566
      },
      "fitness": 3.4120851833526675,
      "sharpe": 2.995051212571356,
      "pf": 8.379837808057045,
      "trades": 13,
      "win_rate": 0.7692307692307693,
      "net_pnl": 331.22299626959835,
      "max_dd": 0.43514202446857814,
      "wf_sharpe": 4.514149767670213,
      "wf_degradation": 20.0,
      "wf_robust": false,
      "generation": 468,
      "genome_id": "G468_kam_5228"
    },
    {
      "strategy": "kama_trend",
      "params": {
        "er_period": 15,
        "fast_sc": 5,
        "slow_sc": 29,
        "signal_period": 5,
        "slope_threshold_pct": 0.0701,
        "adx_min": 10.4446,
        "stop_loss_atr_mult": 2.2972,
        "take_profit_atr_mult": 5.3074
      },
      "fitness": 3.409273667152247,
      "sharpe": 3.315514367708725,
      "pf": 8.828765742150235,
      "trades": 18,
      "win_rate": 0.7777777777777778,
      "net_pnl": 402.3562853557267,
      "max_dd": 0.43514202446857575,
      "wf_sharpe": 4.251164362100026,
      "wf_degradation": 27.872064616412878,
      "wf_robust": true,
      "generation": 296,
      "genome_id": "G296_kam_1418"
    },
    {
      "strategy": "volatility_squeeze",
      "params": {
        "keltner_atr_mult": 1.1946,
        "squeeze_min_bars": 9,
        "momentum_lookback": 13,
        "volume_surge_threshold": 1.9133,
        "stop_loss_atr_mult": 3.7981,
        "take_profit_atr_mult": 5.2517
      },
      "fitness": 3.335267057009524,
      "sharpe": 3.3127186520459966,
      "pf": 3.715568790395441,
      "trades": 49,
      "win_rate": 0.6938775510204082,
      "net_pnl": 536.4605893967347,
      "max_dd": 0.6200222101986229,
      "wf_sharpe": 3.9428865791496017,
      "wf_degradation": 30.95869289950689,
      "wf_robust": true,
      "generation": 472,
      "genome_id": "G472_vol_3472"
    },
    {
      "strategy": "volatility_squeeze",
      "params": {
        "keltner_atr_mult": 1.2106,
        "squeeze_min_bars": 9,
        "momentum_lookback": 13,
        "volume_surge_threshold": 1.9133,
        "stop_loss_atr_mult": 3.7981,
        "take_profit_atr_mult": 7.7684
      },
      "fitness": 3.2697700426883567,
      "sharpe": 3.52705615443387,
      "pf": 4.056506602272069,
      "trades": 47,
      "win_rate": 0.6595744680851063,
      "net_pnl": 653.8776898615922,
      "max_dd": 0.689047694561945,
      "wf_sharpe": 3.7384534739102273,
      "wf_degradation": 32.12941503839621,
      "wf_robust": true,
      "generation": 417,
      "genome_id": "G417_vol_1180"
    },
    {
      "strategy": "kama_trend",
      "params": {
        "er_period": 15,
        "fast_sc": 5,
        "slow_sc": 27,
        "signal_period": 5,
        "slope_threshold_pct": 0.0863,
        "adx_min": 19.3667,
        "stop_loss_atr_mult": 2.9842,
        "take_profit_atr_mult": 5.3755
      },
      "fitness": 3.2479169132149632,
      "sharpe": 3.2869626318161758,
      "pf": 18.788211465626183,
      "trades": 13,
      "win_rate": 0.8461538461538461,
      "net_pnl": 366.3538136677278,
      "max_dd": 0.4389036899346909,
      "wf_sharpe": 4.010666375847913,
      "wf_degradation": 27.49686057051003,
      "wf_robust": false,
      "generation": 658,
      "genome_id": "G658_kam_2480"
    },
    {
      "strategy": "volatility_squeeze",
      "params": {
        "keltner_atr_mult": 1.2106,
        "squeeze_min_bars": 8,
        "momentum_lookback": 13,
        "volume_surge_threshold": 1.9133,
        "stop_loss_atr_mult": 4.0,
        "take_profit_atr_mult": 5.4181
      },
      "fitness": 2.9967281747009147,
      "sharpe": 2.8135686078754865,
      "pf": 3.109728828972054,
      "trades": 48,
      "win_rate": 0.6666666666666666,
      "net_pnl": 471.3453625011072,
      "max_dd": 0.6836536402793295,
      "wf_sharpe": 3.5310749824949594,
      "wf_degradation": 28.54634144421787,
      "wf_robust": true,
      "generation": 254,
      "genome_id": "G254_vol_9012"
    },
    {
      "strategy": "volatility_squeeze",
      "params": {
        "keltner_atr_mult": 1.1946,
        "squeeze_min_bars": 9,
        "momentum_lookback": 13,
        "volume_surge_threshold": 1.9133,
        "stop_loss_atr_mult": 2.8742,
        "take_profit_atr_mult": 5.2517
      },
      "fitness": 2.9467020707706997,
      "sharpe": 2.6780845862077816,
      "pf": 2.4695624141645767,
      "trades": 51,
      "win_rate": 0.6078431372549019,
      "net_pnl": 430.49103166762205,
      "max_dd": 0.897555349233131,
      "wf_sharpe": 3.5216316247156363,
      "wf_degradation": 30.53608403609427,
      "wf_robust": true,
      "generation": 619,
      "genome_id": "G619_vol_8962"
    },
    {
      "strategy": "donchian_breakout",
      "params": {
        "entry_period": 41,
        "exit_period": 10,
        "volume_surge_threshold": 1.5495,
        "adx_min": 27.6524,
        "atr_filter_mult": 0.2,
        "use_volatility_filter": true,
        "stop_loss_atr_mult": 2.681,
        "take_profit_atr_mult": 7.8633
      },
      "fitness": 2.8174557985237354,
      "sharpe": 2.787349659056618,
      "pf": 1.8880523196347898,
      "trades": 132,
      "win_rate": 0.44696969696969696,
      "net_pnl": 1014.9622107449748,
      "max_dd": 1.356595595524583,
      "wf_sharpe": 2.985941417096226,
      "wf_degradation": 26.674009651014785,
      "wf_robust": true,
      "generation": 144,
      "genome_id": "G144_don_8631"
    },
    {
      "strategy": "donchian_breakout",
      "params": {
        "entry_period": 41,
        "exit_period": 10,
        "volume_surge_threshold": 1.5495,
        "adx_min": 27.6524,
        "atr_filter_mult": 0.2,
        "use_volatility_filter": false,
        "stop_loss_atr_mult": 2.681,
        "take_profit_atr_mult": 7.8633
      },
      "fitness": 2.8174557985237354,
      "sharpe": 2.787349659056618,
      "pf": 1.8880523196347898,
      "trades": 132,
      "win_rate": 0.44696969696969696,
      "net_pnl": 1014.9622107449748,
      "max_dd": 1.356595595524583,
      "wf_sharpe": 2.985941417096226,
      "wf_degradation": 26.674009651014785,
      "wf_robust": true,
      "generation": 159,
      "genome_id": "G159_don_8306"
    },
    {
      "strategy": "donchian_breakout",
      "params": {
        "entry_period": 41,
        "exit_period": 9,
        "volume_surge_threshold": 1.6017,
        "adx_min": 27.6524,
        "atr_filter_mult": 0.8605,
        "use_volatility_filter": true,
        "stop_loss_atr_mult": 2.6922,
        "take_profit_atr_mult": 7.8633
      },
      "fitness": 2.805452193025615,
      "sharpe": 2.7702556782076755,
      "pf": 1.87717562164351,
      "trades": 131,
      "win_rate": 0.44274809160305345,
      "net_pnl": 1005.6459173263518,
      "max_dd": 1.3648204603217589,
      "wf_sharpe": 2.973711514486394,
      "wf_degradation": 26.760979345296704,
      "wf_robust": true,