{
  "run_timestamp": "2026-03-26T07:43:23.952683+00:00",
  "generations": 454,
  "total_evaluated": 36400,
  "total_robust": 12147,
  "hall_of_fame": [
    {
      "strategy": "volatility_squeeze",
      "params": {
        "keltner_atr_mult": 1.1686,
        "squeeze_min_bars": 3,
        "momentum_lookback": 13,
        "volume_surge_threshold": 1.9008,
        "stop_loss_atr_mult": 3.7943,
        "take_profit_atr_mult": 4.5961
      },
      "fitness": 3.5330292618320804,
      "sharpe": 2.6044092711227407,
      "pf": 2.3942746465712204,
      "trades": 63,
      "win_rate": 0.6984126984126984,
      "net_pnl": 458.87238698017865,
      "max_dd": 0.876558177535694,
      "wf_sharpe": 4.67478601571221,
      "wf_degradation": 7.155361515337127,
      "wf_robust": true,
      "generation": 339,
      "genome_id": "G339_vol_7192"
    },
    {
      "strategy": "kama_trend",
      "params": {
        "er_period": 14,
        "fast_sc": 4,
        "slow_sc": 26,
        "signal_period": 7,
        "slope_threshold_pct": 0.1325,
        "adx_min": 16.7343,
        "stop_loss_atr_mult": 2.2785,
        "take_profit_atr_mult": 3.1825
      },
      "fitness": 3.454084319983713,
      "sharpe": 2.9197516981638105,
      "pf": 4.295703660955498,
      "trades": 34,
      "win_rate": 0.7647058823529411,
      "net_pnl": 533.4228662099404,
      "max_dd": 0.6948546598480857,
      "wf_sharpe": 4.451045516145906,
      "wf_degradation": 2.9320195101392446,
      "wf_robust": true,
      "generation": 321,
      "genome_id": "G321_kam_1442"
    },
    {
      "strategy": "volatility_squeeze",
      "params": {
        "keltner_atr_mult": 1.1686,
        "squeeze_min_bars": 5,
        "momentum_lookback": 13,
        "volume_surge_threshold": 1.9008,
        "stop_loss_atr_mult": 3.8035,
        "take_profit_atr_mult": 6.8224
      },
      "fitness": 3.2029583646040884,
      "sharpe": 3.011567414048142,
      "pf": 2.824005936057468,
      "trades": 56,
      "win_rate": 0.6428571428571429,
      "net_pnl": 586.0038343208664,
      "max_dd": 0.7462748712857294,
      "wf_sharpe": 3.7939059426322617,
      "wf_degradation": 24.295431601756366,
      "wf_robust": true,
      "generation": 166,
      "genome_id": "G166_vol_6038"
    },
    {
      "strategy": "dual_ma",
      "params": {
        "fast_period": 20,
        "slow_period": 46,
        "signal_type": "ema",
        "require_adx": true,
        "adx_min": 26.5476,
        "require_volume": true,
        "volume_threshold": 1.0685,
        "stop_loss_atr_mult": 3.4827,
        "take_profit_atr_mult": 5.6371
      },
      "fitness": 3.0054684238619744,
      "sharpe": 3.283105209475947,
      "pf": 4.870991498105716,
      "trades": 51,
      "win_rate": 0.6862745098039216,
      "net_pnl": 51.445608482461644,
      "max_dd": 0.06428351218461016,
      "wf_sharpe": 3.297735070244819,
      "wf_degradation": 31.075661868782596,
      "wf_robust": true,
      "generation": 420,
      "genome_id": "G420_dua_6464"
    },
    {
      "strategy": "volatility_squeeze",
      "params": {
        "keltner_atr_mult": 1.1686,
        "squeeze_min_bars": 8,
        "momentum_lookback": 13,
        "volume_surge_threshold": 2.0075,
        "stop_loss_atr_mult": 3.8035,
        "take_profit_atr_mult": 5.0062
      },
      "fitness": 3.0021760941671034,
      "sharpe": 2.9901285305853182,
      "pf": 3.6616980248306263,
      "trades": 45,
      "win_rate": 0.6888888888888889,
      "net_pnl": 488.1009758234577,
      "max_dd": 0.7189198410067201,
      "wf_sharpe": 3.6182929369414,
      "wf_degradation": 34.233759122811215,
      "wf_robust": true,
      "generation": 328,
      "genome_id": "G328_vol_2475"
    },
    {
      "strategy": "kama_trend",
      "params": {
        "er_period": 14,
        "fast_sc": 4,
        "slow_sc": 26,
        "signal_period": 7,
        "slope_threshold_pct": 0.1023,
        "adx_min": 19.2395,
        "stop_loss_atr_mult": 2.5018,
        "take_profit_atr_mult": 5.8066
      },
      "fitness": 2.911796411798915,
      "sharpe": 2.8461086282541093,
      "pf": 3.1606746941618824,
      "trades": 42,
      "win_rate": 0.6428571428571429,
      "net_pnl": 630.9339328165347,
      "max_dd": 0.9169625839238634,
      "wf_sharpe": 3.368393722988691,
      "wf_degradation": 19.98652620447171,
      "wf_robust": true,
      "generation": 284,
      "genome_id": "G284_kam_7670"
    },
    {
      "strategy": "donchian_breakout",
      "params": {
        "entry_period": 40,
        "exit_period": 14,
        "volume_surge_threshold": 1.5041,
        "adx_min": 27.6424,
        "atr_filter_mult": 0.7079,
        "use_volatility_filter": false,
        "stop_loss_atr_mult": 2.6558,
        "take_profit_atr_mult": 7.8454
      },
      "fitness": 2.731046015067597,
      "sharpe": 2.7433028788502725,
      "pf": 1.8626305548338926,
      "trades": 139,
      "win_rate": 0.4316546762589928,
      "net_pnl": 993.6526660006425,
      "max_dd": 1.2258224723221134,
      "wf_sharpe": 2.829215516198893,
      "wf_degradation": 26.270489450543597,
      "wf_robust": true,
      "generation": 435,
      "genome_id": "G435_don_3791"
    },
    {
      "strategy": "donchian_breakout",
      "params": {
        "entry_period": 40,
        "exit_period": 14,
        "volume_surge_threshold": 1.5041,
        "adx_min": 27.6424,
        "atr_filter_mult": 0.7079,
        "use_volatility_filter": true,
        "stop_loss_atr_mult": 2.6558,
        "take_profit_atr_mult": 7.8454
      },
      "fitness": 2.731046015067597,
      "sharpe": 2.7433028788502725,
      "pf": 1.8626305548338926,
      "trades": 139,
      "win_rate": 0.4316546762589928,
      "net_pnl": 993.6526660006425,
      "max_dd": 1.2258224723221134,
      "wf_sharpe": 2.829215516198893,
      "wf_degradation": 26.270489450543597,
      "wf_robust": true,
      "generation": 445,
      "genome_id": "G445_don_2437"
    },
    {
      "strategy": "kama_trend",
      "params": {
        "er_period": 14,
        "fast_sc": 5,
        "slow_sc": 28,
        "signal_period": 8,
        "slope_threshold_pct": 0.1205,
        "adx_min": 24.6467,
        "stop_loss_atr_mult": 2.5744,
        "take_profit_atr_mult": 3.0744
      },
      "fitness": 2.722415850003054,
      "sharpe": 1.325013930879299,
      "pf": 1.9451778918869718,
      "trades": 31,
      "win_rate": 0.6129032258064516,
      "net_pnl": 213.51890745947998,
      "max_dd": 0.9291598103626711,
      "wf_sharpe": 3.963025900581499,
      "wf_degradation": 20.0,
      "wf_robust": true,
      "generation": 438,
      "genome_id": "G438_kam_1882"
    },
    {
      "strategy": "dual_ma",
      "params": {
        "fast_period": 19,
        "slow_period": 46,
        "signal_type": "ema",
        "require_adx": false,
        "adx_min": 24.0683,
        "require_volume": true,
        "volume_threshold": 1.0685,
        "stop_loss_atr_mult": 3.5601,
        "take_profit_atr_mult": 6.2007
      },
      "fitness": 2.699520116270503,
      "sharpe": 2.7341940829254927,
      "pf": 3.1123799866898363,
      "trades": 63,
      "win_rate": 0.6507936507936508,
      "net_pnl": 55.11027712196741,
      "max_dd": 0.09561128527134066,
      "wf_sharpe": 3.392944494396468,
      "wf_degradation": 41.57619142222659,
      "wf_robust": true,
      "generation": 324,
      "genome_id": "G324_dua_6543"
    },
    {
      "strategy": "volatility_squeeze",
      "params": {
        "keltner_atr_mult": 1.0,
        "squeeze_min_bars": 3,
        "momentum_lookback": 13,
        "volume_surge_threshold": 1.9008,
        "stop_loss_atr_mult": 4.0,
        "take_profit_atr_mult": 8.0
      },
      "fitness": 2.6669025911814663,
      "sharpe": 2.1915585120298435,
      "pf": 2.1249758112590387,
      "trades": 64,
      "win_rate": 0.609375,
      "net_pnl": 460.79222959769015,
      "max_dd": 0.8991570315089296,
      "wf_sharpe": 3.1870934584730923,
      "wf_degradation": 18.33252020886125,