{
  "run_timestamp": "2026-03-25T11:19:26.379522+00:00",
  "generations": 937,
  "total_evaluated": 37520,
  "total_robust": 8477,
  "hall_of_fame": [
    {
      "strategy": "kama_trend",
      "params": {
        "er_period": 14,
        "fast_sc": 5,
        "slow_sc": 29,
        "signal_period": 6,
        "slope_threshold_pct": 0.0725,
        "adx_min": 11.0593,
        "stop_loss_atr_mult": 3.2113,
        "take_profit_atr_mult": 3.3943
      },
      "fitness": 2.9871458700928883,
      "sharpe": 1.3886414985340656,
      "pf": 2.2033047461917272,
      "trades": 30,
      "win_rate": 0.7,
      "net_pnl": 219.27303226293319,
      "max_dd": 0.779313874374587,
      "wf_sharpe": 4.460867364732906,
      "wf_degradation": 20.0,
      "wf_robust": true,
      "generation": 338,
      "genome_id": "G338_kam_5290"
    },
    {
      "strategy": "kama_trend",
      "params": {
        "er_period": 14,
        "fast_sc": 5,
        "slow_sc": 27,
        "signal_period": 6,
        "slope_threshold_pct": 0.0725,
        "adx_min": 13.059,
        "stop_loss_atr_mult": 3.225,
        "take_profit_atr_mult": 5.1778
      },
      "fitness": 2.753450842530846,
      "sharpe": 1.6985436395926878,
      "pf": 2.1593633627497564,
      "trades": 31,
      "win_rate": 0.6129032258064516,
      "net_pnl": 282.70010075119416,
      "max_dd": 0.8681614536143014,
      "wf_sharpe": 3.80097806040905,
      "wf_degradation": 7.476726040077535,
      "wf_robust": true,
      "generation": 302,
      "genome_id": "G302_kam_7369"
    },
    {
      "strategy": "kama_trend",
      "params": {
        "er_period": 14,
        "fast_sc": 5,
        "slow_sc": 28,
        "signal_period": 6,
        "slope_threshold_pct": 0.0755,
        "adx_min": 25.0,
        "stop_loss_atr_mult": 2.9797,
        "take_profit_atr_mult": 3.3943
      },
      "fitness": 2.7017210532404388,
      "sharpe": 1.400012061104151,
      "pf": 2.2505917192550147,
      "trades": 26,
      "win_rate": 0.6923076923076923,
      "net_pnl": 198.41357636719232,
      "max_dd": 0.7614669996476013,
      "wf_sharpe": 4.311815562214091,
      "wf_degradation": 20.0,
      "wf_robust": true,
      "generation": 367,
      "genome_id": "G367_kam_9153"
    },
    {
      "strategy": "volatility_squeeze",
      "params": {
        "keltner_atr_mult": 1.5088,
        "squeeze_min_bars": 5,
        "momentum_lookback": 21,
        "volume_surge_threshold": 1.879,
        "stop_loss_atr_mult": 3.7972,
        "take_profit_atr_mult": 8.0
      },
      "fitness": 2.6559773510807743,
      "sharpe": 3.2990689643334727,
      "pf": 3.7258400761405355,
      "trades": 42,
      "win_rate": 0.5952380952380952,
      "net_pnl": 449.81211114367414,
      "max_dd": 0.47598765665222764,
      "wf_sharpe": 2.5887276689295993,
      "wf_degradation": 30.093706725620194,
      "wf_robust": true,
      "generation": 217,
      "genome_id": "G217_vol_3883"
    },
    {
      "strategy": "kama_trend",
      "params": {
        "er_period": 14,
        "fast_sc": 4,
        "slow_sc": 26,
        "signal_period": 7,
        "slope_threshold_pct": 0.0836,
        "adx_min": 17.9843,
        "stop_loss_atr_mult": 2.338,
        "take_profit_atr_mult": 2.9071
      },
      "fitness": 2.6208152253512673,
      "sharpe": 2.33934932925816,
      "pf": 2.558379650168704,
      "trades": 55,
      "win_rate": 0.6545454545454545,
      "net_pnl": 486.1781787844639,
      "max_dd": 0.8555157695925549,
      "wf_sharpe": 3.036554216101144,
      "wf_degradation": 20.39613638788981,
      "wf_robust": true,
      "generation": 131,
      "genome_id": "G131_kam_6481"
    },
    {
      "strategy": "volatility_squeeze",
      "params": {
        "keltner_atr_mult": 1.2504,
        "squeeze_min_bars": 5,
        "momentum_lookback": 13,
        "volume_surge_threshold": 1.9008,
        "stop_loss_atr_mult": 3.9729,
        "take_profit_atr_mult": 5.6264
      },
      "fitness": 2.4934985977306,
      "sharpe": 2.240402986125076,
      "pf": 2.328006092951605,
      "trades": 53,
      "win_rate": 0.660377358490566,
      "net_pnl": 430.00673648655425,
      "max_dd": 0.9160281292972339,
      "wf_sharpe": 2.8486970210757305,
      "wf_degradation": 2.134408928694536,
      "wf_robust": true,
      "generation": 631,
      "genome_id": "G631_vol_9480"
    },
    {
      "strategy": "dual_ma",
      "params": {
        "fast_period": 17,
        "slow_period": 43,
        "signal_type": "sma",
        "require_adx": true,
        "adx_min": 17.3564,
        "require_volume": true,
        "volume_threshold": 1.6488,
        "stop_loss_atr_mult": 2.8813,
        "take_profit_atr_mult": 3.9232
      },
      "fitness": 2.486916100516507,
      "sharpe": 1.759836309475853,
      "pf": 2.62560106453039,
      "trades": 41,
      "win_rate": 0.5365853658536586,
      "net_pnl": 38.53495709972645,
      "max_dd": 0.10772953565633446,
      "wf_sharpe": 3.1752160020066413,
      "wf_degradation": 17.461867877317694,
      "wf_robust": true,
      "generation": 781,
      "genome_id": "G781_dua_4825"
    },
    {
      "strategy": "dual_ma",
      "params": {
        "fast_period": 20,
        "slow_period": 36,
        "signal_type": "sma",
        "require_adx": true,
        "adx_min": 14.5556,
        "require_volume": true,
        "volume_threshold": 1.7779,
        "stop_loss_atr_mult": 3.5833,
        "take_profit_atr_mult": 4.6393
      },
      "fitness": 2.405465622656937,
      "sharpe": 2.2515329070288908,
      "pf": 3.2035034426807636,
      "trades": 42,
      "win_rate": 0.6666666666666666,
      "net_pnl": 49.45305412837743,
      "max_dd": 0.11026340325973451,
      "wf_sharpe": 2.8383443779017936,
      "wf_degradation": 33.14667001154818,
      "wf_robust": true,
      "generation": 729,
      "genome_id": "G729_dua_1132"
    },
    {
      "strategy": "ichimoku_kumo",
      "params": {
        "tenkan_period": 7,
        "kijun_period": 26,
        "senkou_b_period": 61,
        "displacement": 33,
        "require_chikou_confirm": true,
        "require_tk_cross": false,
        "adx_min": 16.8926,
        "stop_loss_atr_mult": 3.0624,
        "take_profit_atr_mult": 4.58
      },
      "fitness": 2.3813330086834514,
      "sharpe": 2.42104733485883,
      "pf": 1.731952594368717,
      "trades": 108,
      "win_rate": 0.6111111111111112,
      "net_pnl": 861.9421866617048,
      "max_dd": 2.5464078345835612,
      "wf_sharpe": 2.5633941432366916,
      "wf_degradation": 34.74456930524828,
      "wf_robust": true,
      "generation": 78,
      "genome_id": "G78_ich_4893"
    },
    {
      "strategy": "dual_ma",
      "params": {
        "fast_period": 18,
        "slow_period": 43,
        "signal_type": "sma",
        "require_adx": false,
        "adx_min": 17.1354,
        "require_volume": true,
        "volume_threshold": 1.7299,
        "stop_loss_atr_mult": 2.8261,
        "take_profit_atr_mult": 4.3684
      },
      "fitness": 2.3215625124642365,
      "sharpe": 2.2637418654813666,
      "pf": 4.440283477629362,
      "trades": 28,
      "win_rate": 0.6785714285714286,
      "net_pnl": 24.83878694083632,
      "max_dd": 0.04242438271796716,
      "wf_sharpe": 2.8184390036046123,
      "wf_degradation": 22.848106678635762,
      "wf_robust": true,
      "generation": 865,
      "genome_id": "G865_dua_7924"
    },
    {
      "strategy": "volatility_squeeze",
      "params": {
        "keltner_atr_mult": 1.2998,
        "squeeze_min_bars": 6,
        "momentum_lookback": 15,
        "volume_surge_threshold": 2.5,
        "stop_loss_atr_mult": 3.8527,
        "take_profit_atr_mult": 8.0
      },
      "fitness": 2.2967915784380177,
      "sharpe": 2.3653068110858224,
      "pf": 3.1543874390654074,
      "trades": 31,
      "win_rate": 0.6129032258064516,
      "net_pnl": 379.9464517186907,
      "max_dd": 0.9033793383045524,
      "wf_sharpe": 2.5404359747283123,
      "wf_degradation": 31.320858635019977,