{
  "run_timestamp": "2026-03-29T19:08:54.452246+00:00",
  "generations": 30,
  "total_evaluated": 1860,
  "total_robust": 445,
  "hall_of_fame": [
    {
      "strategy": "kama_trend",
      "params": {
        "er_period": 15,
        "fast_sc": 4,
        "slow_sc": 25,
        "signal_period": 7,
        "slope_threshold_pct": 0.0722,
        "adx_min": 18.9427,
        "stop_loss_atr_mult": 2.3227,
        "take_profit_atr_mult": 2.936
      },
      "fitness": 2.411432609762853,
      "sharpe": 1.8852383385739047,
      "pf": 2.2032358526230165,
      "trades": 53,
      "win_rate": 0.660377358490566,
      "net_pnl": 392.05828134583334,
      "max_dd": 0.9271025317302666,
      "wf_sharpe": 2.9650469682791125,
      "wf_degradation": 31.684578365204317,
      "wf_robust": true,
      "generation": 24,
      "genome_id": "G24_kam_1235"
    },
    {
      "strategy": "keltner_breakout",
      "params": {
        "ema_period": 28,
        "atr_mult": 3.426,
        "rsi_long_min": 43.0839,
        "rsi_short_max": 58.747,
        "adx_min": 22.1001,
        "volume_threshold": 2.0,
        "stop_loss_atr_mult": 3.7666,
        "take_profit_atr_mult": 4.7807
      },
      "fitness": 2.019360759116468,
      "sharpe": 0.3277415545821112,
      "pf": 1.1892280239125776,
      "trades": 64,
      "win_rate": 0.546875,
      "net_pnl": 85.17903798879746,
      "max_dd": 1.830876573581265,
      "wf_sharpe": 3.010765203013188,
      "wf_degradation": 30.011630855036326,
      "wf_robust": true,
      "generation": 26,
      "genome_id": "G26_kel_3017"
    },
    {
      "strategy": "vol_regime_arb",
      "params": {
        "gk_fast_period": 14,
        "gk_slow_period": 79,
        "gk_baseline_period": 65,
        "expansion_zscore_threshold": -1.3976,
        "expansion_min_bars_compressed": 4,
        "expansion_momentum_period": 16,
        "expansion_adx_min": 20.8224,
        "contraction_zscore_threshold": 1.5207,
        "contraction_rsi_oversold": 24.4747,
        "contraction_rsi_overbought": 72.7843,
        "enable_contraction_mode": false,
        "volume_threshold": 1.2924,
        "stop_loss_atr_mult": 4.2438,
        "take_profit_atr_mult": 5.8
      },
      "fitness": 2.0004126902786816,
      "sharpe": 1.107829932961267,
      "pf": 1.596724148218251,
      "trades": 39,
      "win_rate": 0.5641025641025641,
      "net_pnl": 148.7462743092662,
      "max_dd": 0.751593445238359,
      "wf_sharpe": 2.6034150915546737,
      "wf_degradation": 21.44423026500859,
      "wf_robust": true,
      "generation": 16,
      "genome_id": "G16_vol_6523"
    },
    {
      "strategy": "trend_following",
      "params": {
        "adx_threshold": 29.7572,
        "fib_zone_tolerance_pct": 2.0103,
        "stop_loss_atr_mult": 4.4918,
        "take_profit_atr_mult": 5.8379,
        "min_volume_ratio": 0.7515,
        "rsi_lower_bound": 40,
        "rsi_upper_bound": 63
      },
      "fitness": 1.979830273691893,
      "sharpe": 1.5079255298852268,
      "pf": 1.429932451274365,
      "trades": 189,
      "win_rate": 0.5502645502645502,
      "net_pnl": 689.4927088923112,
      "max_dd": 1.8879053438582931,
      "wf_sharpe": 2.006555826440721,
      "wf_degradation": 8.095836886153268,
      "wf_robust": true,
      "generation": 19,
      "genome_id": "G19_tre_1893"
    },
    {
      "strategy": "trend_following",
      "params": {
        "adx_threshold": 40.0,
        "fib_zone_tolerance_pct": 2.0103,
        "stop_loss_atr_mult": 4.2942,
        "take_profit_atr_mult": 5.2481,
        "min_volume_ratio": 0.8625,
        "rsi_lower_bound": 39,
        "rsi_upper_bound": 69
      },
      "fitness": 1.8729319518477427,
      "sharpe": 1.0891806045107948,
      "pf": 1.3065147520536704,
      "trades": 148,
      "win_rate": 0.581081081081081,
      "net_pnl": 469.78632906970427,
      "max_dd": 2.2018183879587796,
      "wf_sharpe": 2.0929130862361855,
      "wf_degradation": 19.50938002947411,
      "wf_robust": true,
      "generation": 13,
      "genome_id": "G13_tre_9654"
    },
    {
      "strategy": "kama_trend",
      "params": {
        "er_period": 15,
        "fast_sc": 5,
        "slow_sc": 35,
        "signal_period": 8,
        "slope_threshold_pct": 0.0722,
        "adx_min": 17.959,
        "stop_loss_atr_mult": 1.9122,
        "take_profit_atr_mult": 2.5954
      },
      "fitness": 1.8195911989274542,
      "sharpe": 1.209615813494373,
      "pf": 1.7782943068975423,
      "trades": 45,
      "win_rate": 0.7111111111111111,
      "net_pnl": 221.32993622672993,
      "max_dd": 1.1959269985538812,
      "wf_sharpe": 2.1520804118042207,
      "wf_degradation": 26.96558993416308,
      "wf_robust": true,
      "generation": 19,
      "genome_id": "G19_kam_9774"
    },
    {
      "strategy": "trend_following",
      "params": {
        "adx_threshold": 39.7597,
        "fib_zone_tolerance_pct": 1.476,
        "stop_loss_atr_mult": 3.9983,
        "take_profit_atr_mult": 4.3864,
        "min_volume_ratio": 0.9429,
        "rsi_lower_bound": 27,
        "rsi_upper_bound": 57
      },
      "fitness": 1.8142832153783581,
      "sharpe": 1.0327432850907066,
      "pf": 1.3014599017934885,
      "trades": 136,
      "win_rate": 0.5808823529411765,
      "net_pnl": 403.98592424504585,
      "max_dd": 1.9568328450209984,
      "wf_sharpe": 2.026389482555082,
      "wf_degradation": 20.790321009458165,
      "wf_robust": true,
      "generation": 2,
      "genome_id": "G2_tre_3651"
    },
    {
      "strategy": "trend_following",
      "params": {
        "adx_threshold": 36.5084,
        "fib_zone_tolerance_pct": 1.9408,
        "stop_loss_atr_mult": 4.8456,
        "take_profit_atr_mult": 6.9554,
        "min_volume_ratio": 0.9622,
        "rsi_lower_bound": 34,
        "rsi_upper_bound": 58
      },
      "fitness": 1.574389047942851,
      "sharpe": 0.8364292142831673,
      "pf": 1.2694929934647472,
      "trades": 149,
      "win_rate": 0.5436241610738255,
      "net_pnl": 405.1740154941619,
      "max_dd": 2.2390734282688745,
      "wf_sharpe": 1.8186178259222774,
      "wf_degradation": 34.31216299488919,
      "wf_robust": true,
      "generation": 11,
      "genome_id": "G11_tre_9068"
    },
    {
      "strategy": "keltner_breakout",
      "params": {
        "ema_period": 14,
        "atr_mult": 2.8814,
        "rsi_long_min": 41.0817,
        "rsi_short_max": 59.0375,
        "adx_min": 25.183,
        "volume_threshold": 0.8724,
        "stop_loss_atr_mult": 3.6265,
        "take_profit_atr_mult": 4.5269
      },
      "fitness": 1.4378846227790232,
      "sharpe": 0.3524117686478943,
      "pf": 1.2560716713662123,
      "trades": 49,
      "win_rate": 0.4897959183673469,
      "net_pnl": 64.09901393100495,
      "max_dd": 1.2446195847581343,
      "wf_sharpe": 2.2859581247471845,
      "wf_degradation": 40.0,
      "wf_robust": true,
      "generation": 24,
      "genome_id": "G24_kel_8637"
    },
    {
      "strategy": "keltner_breakout",
      "params": {
        "ema_period": 26,
        "atr_mult": 3.3592,
        "rsi_long_min": 43.9137,
        "rsi_short_max": 44.3544,
        "adx_min": 26.7969,
        "volume_threshold": 1.8838,
        "stop_loss_atr_mult": 3.646,
        "take_profit_atr_mult": 5.3865
      },
      "fitness": 1.4280785005777232,
      "sharpe": 0.1709837037982015,
      "pf": 1.1247907982644265,
      "trades": 63,
      "win_rate": 0.47619047619047616,
      "net_pnl": 57.106826049207285,
      "max_dd": 1.389115975950754,
      "wf_sharpe": 1.9249398335982189,
      "wf_degradation": 19.44762119950486,
      "wf_robust": true,
      "generation": 29,
      "genome_id": "G29_kel_4826"
    },
    {
      "strategy": "chaos_trend",
      "params": {
        "hurst_window": 128,
        "hurst_min": 0.6732,
        "hurst_max": 0.7696,
        "ema_fast": 15,
        "ema_slow": 41,
        "adx_min": 27.2647,
        "momentum_period": 17,
        "volume_threshold": 0.9412,