{
  "run_timestamp": "2026-03-27T08:01:18.177923+00:00",
  "generations": 546,
  "total_evaluated": 21880,
  "total_robust": 7699,
  "hall_of_fame": [
    {
      "strategy": "volatility_squeeze",
      "params": {
        "keltner_atr_mult": 1.1868,
        "squeeze_min_bars": 9,
        "momentum_lookback": 13,
        "volume_surge_threshold": 1.9151,
        "stop_loss_atr_mult": 3.8086,
        "take_profit_atr_mult": 5.6681
      },
      "fitness": 3.5497925736218576,
      "sharpe": 3.3580235267092524,
      "pf": 3.903279765747404,
      "trades": 49,
      "win_rate": 0.7142857142857143,
      "net_pnl": 565.1293625741058,
      "max_dd": 0.6214582681053964,
      "wf_sharpe": 4.306406971596039,
      "wf_degradation": 14.872810372595032,
      "wf_robust": true,
      "generation": 504,
      "genome_id": "G504_vol_7846"
    },
    {
      "strategy": "kama_trend",
      "params": {
        "er_period": 14,
        "fast_sc": 4,
        "slow_sc": 26,
        "signal_period": 7,
        "slope_threshold_pct": 0.1334,
        "adx_min": 18.5118,
        "stop_loss_atr_mult": 2.2801,
        "take_profit_atr_mult": 3.183
      },
      "fitness": 3.4512941426789037,
      "sharpe": 2.910499388117784,
      "pf": 4.270697198475541,
      "trades": 34,
      "win_rate": 0.7647058823529411,
      "net_pnl": 531.153900345294,
      "max_dd": 0.6986779050574943,
      "wf_sharpe": 4.4510165475639045,
      "wf_degradation": 3.639882254263772,
      "wf_robust": true,
      "generation": 158,
      "genome_id": "G158_kam_7535"
    },
    {
      "strategy": "donchian_breakout",
      "params": {
        "entry_period": 42,
        "exit_period": 9,
        "volume_surge_threshold": 1.5128,
        "adx_min": 23.2414,
        "atr_filter_mult": 0.4708,
        "use_volatility_filter": true,
        "stop_loss_atr_mult": 2.4487,
        "take_profit_atr_mult": 7.9028
      },
      "fitness": 2.77181204050552,
      "sharpe": 2.4035629759609187,
      "pf": 1.746313721075296,
      "trades": 142,
      "win_rate": 0.38028169014084506,
      "net_pnl": 842.9961582652866,
      "max_dd": 1.2606356245116142,
      "wf_sharpe": 3.1103208839142367,
      "wf_degradation": 27.10724326096875,
      "wf_robust": true,
      "generation": 125,
      "genome_id": "G125_don_1879"
    },
    {
      "strategy": "donchian_breakout",
      "params": {
        "entry_period": 42,
        "exit_period": 9,
        "volume_surge_threshold": 1.5128,
        "adx_min": 23.2414,
        "atr_filter_mult": 0.5659,
        "use_volatility_filter": false,
        "stop_loss_atr_mult": 2.4487,
        "take_profit_atr_mult": 7.9028
      },
      "fitness": 2.77181204050552,
      "sharpe": 2.4035629759609187,
      "pf": 1.746313721075296,
      "trades": 142,
      "win_rate": 0.38028169014084506,
      "net_pnl": 842.9961582652866,
      "max_dd": 1.2606356245116142,
      "wf_sharpe": 3.1103208839142367,
      "wf_degradation": 27.10724326096875,
      "wf_robust": true,
      "generation": 126,
      "genome_id": "G126_don_4747"
    },
    {
      "strategy": "kama_trend",
      "params": {
        "er_period": 11,
        "fast_sc": 5,
        "slow_sc": 29,
        "signal_period": 8,
        "slope_threshold_pct": 0.131,
        "adx_min": 15.6432,
        "stop_loss_atr_mult": 2.5794,
        "take_profit_atr_mult": 3.506
      },
      "fitness": 2.572353417848339,
      "sharpe": 1.5937873644138116,
      "pf": 2.2747155634299467,
      "trades": 34,
      "win_rate": 0.6764705882352942,
      "net_pnl": 333.6622388760568,
      "max_dd": 1.4801020770679214,
      "wf_sharpe": 3.691082441006933,
      "wf_degradation": 35.198003222044356,
      "wf_robust": true,
      "generation": 138,
      "genome_id": "G138_kam_3855"
    },
    {
      "strategy": "kama_trend",
      "params": {
        "er_period": 10,
        "fast_sc": 5,
        "slow_sc": 34,
        "signal_period": 8,
        "slope_threshold_pct": 0.1295,
        "adx_min": 25.0,
        "stop_loss_atr_mult": 2.1079,
        "take_profit_atr_mult": 3.3342
      },
      "fitness": 2.556540968375014,
      "sharpe": 1.2242845318708555,
      "pf": 2.104160488062889,
      "trades": 29,
      "win_rate": 0.6551724137931034,
      "net_pnl": 242.87838457630778,
      "max_dd": 1.8413545974257834,
      "wf_sharpe": 3.80505205163022,
      "wf_degradation": 29.36055818423202,
      "wf_robust": true,
      "generation": 13,
      "genome_id": "G13_kam_7348"
    },
    {
      "strategy": "volatility_squeeze",
      "params": {
        "keltner_atr_mult": 1.0348,
        "squeeze_min_bars": 8,
        "momentum_lookback": 16,
        "volume_surge_threshold": 1.7469,
        "stop_loss_atr_mult": 3.461,
        "take_profit_atr_mult": 7.588
      },
      "fitness": 2.520980997597191,
      "sharpe": 2.9056939062083575,
      "pf": 2.7510671496020644,
      "trades": 61,
      "win_rate": 0.5245901639344263,
      "net_pnl": 501.9701217831013,
      "max_dd": 0.5263906839203222,
      "wf_sharpe": 2.4763708786347047,
      "wf_degradation": 29.438995661687716,
      "wf_robust": true,
      "generation": 541,
      "genome_id": "G541_vol_5690"
    },
    {
      "strategy": "volatility_squeeze",
      "params": {
        "keltner_atr_mult": 1.1804,
        "squeeze_min_bars": 5,
        "momentum_lookback": 13,
        "volume_surge_threshold": 1.9406,
        "stop_loss_atr_mult": 3.5819,
        "take_profit_atr_mult": 5.2443
      },
      "fitness": 2.4793281603725603,
      "sharpe": 2.3767558831049334,
      "pf": 2.381570529982572,
      "trades": 56,
      "win_rate": 0.625,
      "net_pnl": 434.87689342984214,
      "max_dd": 0.7218946047784793,
      "wf_sharpe": 3.0576710690177356,
      "wf_degradation": 38.25346540706512,
      "wf_robust": true,
      "generation": 162,
      "genome_id": "G162_vol_9854"
    },
    {
      "strategy": "kama_trend",
      "params": {
        "er_period": 14,
        "fast_sc": 4,
        "slow_sc": 27,
        "signal_period": 7,
        "slope_threshold_pct": 0.1413,
        "adx_min": 11.871,
        "stop_loss_atr_mult": 3.3812,
        "take_profit_atr_mult": 4.3812
      },
      "fitness": 2.3786583364730767,
      "sharpe": 2.0835674699655096,
      "pf": 2.8921306468433774,
      "trades": 29,
      "win_rate": 0.6551724137931034,
      "net_pnl": 398.39068849342107,
      "max_dd": 0.9278022934239895,
      "wf_sharpe": 2.9337170249695523,
      "wf_degradation": 23.402662196760065,
      "wf_robust": true,
      "generation": 505,
      "genome_id": "G505_kam_2396"
    },
    {
      "strategy": "donchian_breakout",
      "params": {
        "entry_period": 39,
        "exit_period": 17,
        "volume_surge_threshold": 1.3432,
        "adx_min": 27.91,
        "atr_filter_mult": 1.0475,
        "use_volatility_filter": true,
        "stop_loss_atr_mult": 2.8704,
        "take_profit_atr_mult": 7.9021
      },
      "fitness": 2.297683151916882,
      "sharpe": 1.9932423979651046,
      "pf": 1.5725868917808252,
      "trades": 147,
      "win_rate": 0.4217687074829932,
      "net_pnl": 748.1212826172821,
      "max_dd": 1.5444189288455035,
      "wf_sharpe": 2.401334347698954,
      "wf_degradation": 26.459481262751193,
      "wf_robust": true,
      "generation": 302,
      "genome_id": "G302_don_3970"
    },
    {
      "strategy": "donchian_breakout",
      "params": {
        "entry_period": 40,
        "exit_period": 13,
        "volume_surge_threshold": 1.5311,
        "adx_min": 13.0324,
        "atr_filter_mult": 1.1796,
        "use_volatility_filter": false,
        "stop_loss_atr_mult": 2.9793,
        "take_profit_atr_mult": 7.9182
      },
      "fitness": 2.199579391934496,
      "sharpe": 1.8920749345130277,
      "pf": 1.5514570537045875,
      "trades": 147,
      "win_rate": 0.42857142857142855,
      "net_pnl": 711.577443165803,
      "max_dd": 1.456556922209436,
      "wf_sharpe": 2.265827305805428,