{
  "run_timestamp": "2026-03-28T05:04:41.943231+00:00",
  "generations": 13,
  "total_evaluated": 560,
  "total_robust": 125,
  "hall_of_fame": [
    {
      "strategy": "chaos_trend",
      "params": {
        "hurst_window": 117,
        "hurst_min": 0.6571,
        "hurst_max": 0.8046,
        "ema_fast": 10,
        "ema_slow": 38,
        "adx_min": 16.741,
        "momentum_period": 12,
        "volume_threshold": 1.4074,
        "use_fractal_filter": true,
        "fractal_max": 1.4065,
        "stop_loss_atr_mult": 3.2541,
        "take_profit_atr_mult": 5.3504
      },
      "fitness": 2.467404320754459,
      "sharpe": 1.2131739542526925,
      "pf": 1.3884971634395908,
      "trades": 120,
      "win_rate": 0.5083333333333333,
      "net_pnl": 484.63362396986275,
      "max_dd": 2.1183863524601243,
      "wf_sharpe": 3.2494059204008936,
      "wf_degradation": 9.097074848285171,
      "wf_robust": true,
      "generation": 13,
      "genome_id": "G13_cha_5435"
    },
    {
      "strategy": "volatility_squeeze",
      "params": {
        "keltner_atr_mult": 1.0451,
        "squeeze_min_bars": 8,
        "momentum_lookback": 11,
        "volume_surge_threshold": 1.8643,
        "stop_loss_atr_mult": 3.8717,
        "take_profit_atr_mult": 5.6188
      },
      "fitness": 2.217703378057219,
      "sharpe": 1.7298640924800133,
      "pf": 1.9470974420173868,
      "trades": 54,
      "win_rate": 0.5740740740740741,
      "net_pnl": 327.7315711044471,
      "max_dd": 0.835736788528373,
      "wf_sharpe": 2.599691491313575,
      "wf_degradation": 0.3419417899003879,
      "wf_robust": true,
      "generation": 13,
      "genome_id": "G13_vol_9375"
    },
    {
      "strategy": "keltner_breakout",
      "params": {
        "ema_period": 15,
        "atr_mult": 2.8273,
        "rsi_long_min": 55.9657,
        "rsi_short_max": 46.0968,
        "adx_min": 18.6595,
        "volume_threshold": 1.9414,
        "stop_loss_atr_mult": 2.9049,
        "take_profit_atr_mult": 5.1756
      },
      "fitness": 2.122015758123969,
      "sharpe": 0.7536107955258359,
      "pf": 1.4468992542336283,
      "trades": 51,
      "win_rate": 0.5098039215686274,
      "net_pnl": 135.71898191575477,
      "max_dd": 1.4517265353891216,
      "wf_sharpe": 3.005499912387571,
      "wf_degradation": 6.649164589395118,
      "wf_robust": true,
      "generation": 10,
      "genome_id": "G10_kel_5036"
    },
    {
      "strategy": "keltner_breakout",
      "params": {
        "ema_period": 15,
        "atr_mult": 2.8273,
        "rsi_long_min": 43.1639,
        "rsi_short_max": 60.0,
        "adx_min": 18.6595,
        "volume_threshold": 1.9414,
        "stop_loss_atr_mult": 2.3658,
        "take_profit_atr_mult": 5.7966
      },
      "fitness": 1.989435298522372,
      "sharpe": 0.5605515756325526,
      "pf": 1.3740923820127813,
      "trades": 49,
      "win_rate": 0.46938775510204084,
      "net_pnl": 107.95464166857307,
      "max_dd": 1.2323095006869367,
      "wf_sharpe": 2.9065346719120986,
      "wf_degradation": 31.058976996725285,
      "wf_robust": true,
      "generation": 10,
      "genome_id": "G10_kel_4625"
    },
    {
      "strategy": "kama_trend",
      "params": {
        "er_period": 8,
        "fast_sc": 2,
        "slow_sc": 29,
        "signal_period": 4,
        "slope_threshold_pct": 0.1096,
        "adx_min": 11.564,
        "stop_loss_atr_mult": 3.0209,
        "take_profit_atr_mult": 6.0
      },
      "fitness": 1.8781337778205252,
      "sharpe": 1.7317861353084465,
      "pf": 1.6016900882154512,
      "trades": 97,
      "win_rate": 0.5360824742268041,
      "net_pnl": 653.4291059156774,
      "max_dd": 1.1146237521117162,
      "wf_sharpe": 1.802253678755306,
      "wf_degradation": 16.229907521210084,
      "wf_robust": true,
      "generation": 4,
      "genome_id": "G4_kam_2615"
    },
    {
      "strategy": "chaos_trend",
      "params": {
        "hurst_window": 119,
        "hurst_min": 0.6753,
        "hurst_max": 0.7795,
        "ema_fast": 20,
        "ema_slow": 41,
        "adx_min": 19.6179,
        "momentum_period": 12,
        "volume_threshold": 1.5925,
        "use_fractal_filter": true,
        "fractal_max": 1.4614,
        "stop_loss_atr_mult": 4.3045,
        "take_profit_atr_mult": 7.4384
      },
      "fitness": 1.7639346810752092,
      "sharpe": 0.0006327591414402224,
      "pf": 1.0576246055693685,
      "trades": 76,
      "win_rate": 0.47368421052631576,
      "net_pnl": 52.381857648690435,
      "max_dd": 2.5934931868562177,
      "wf_sharpe": 3.061343038608288,
      "wf_degradation": 40.0,
      "wf_robust": true,
      "generation": 3,
      "genome_id": "G3_cha_7729"
    },
    {
      "strategy": "chaos_trend",
      "params": {
        "hurst_window": 117,
        "hurst_min": 0.6831,
        "hurst_max": 0.7598,
        "ema_fast": 10,
        "ema_slow": 38,
        "adx_min": 16.741,
        "momentum_period": 12,
        "volume_threshold": 1.2278,
        "use_fractal_filter": false,
        "fractal_max": 1.4135,
        "stop_loss_atr_mult": 2.4056,
        "take_profit_atr_mult": 4.9078
      },
      "fitness": 1.7023787740678473,
      "sharpe": 0.651988757397863,
      "pf": 1.2393039162265733,
      "trades": 108,
      "win_rate": 0.4074074074074074,
      "net_pnl": 248.99194147747207,
      "max_dd": 1.642362048125559,
      "wf_sharpe": 2.4771380482721326,
      "wf_degradation": 40.0,
      "wf_robust": true,
      "generation": 11,
      "genome_id": "G11_cha_9859"
    },
    {
      "strategy": "donchian_breakout",
      "params": {
        "entry_period": 45,
        "exit_period": 17,
        "volume_surge_threshold": 1.641,
        "adx_min": 24.5874,
        "atr_filter_mult": 0.677,
        "use_volatility_filter": true,
        "stop_loss_atr_mult": 3.6029,
        "take_profit_atr_mult": 7.7345
      },
      "fitness": 1.579900163624507,
      "sharpe": 0.8873960352992932,
      "pf": 1.2628438028057634,
      "trades": 122,
      "win_rate": 0.4180327868852459,
      "net_pnl": 335.6541711166749,
      "max_dd": 2.097902290412759,
      "wf_sharpe": 1.6665584971227863,
      "wf_degradation": 24.31326206038174,
      "wf_robust": true,
      "generation": 10,
      "genome_id": "G10_don_7817"
    },
    {
      "strategy": "kama_trend",
      "params": {
        "er_period": 14,
        "fast_sc": 5,
        "slow_sc": 29,
        "signal_period": 6,
        "slope_threshold_pct": 0.1358,
        "adx_min": 11.0411,
        "stop_loss_atr_mult": 2.9489,
        "take_profit_atr_mult": 4.8389
      },
      "fitness": 1.346953066219369,
      "sharpe": 1.745009325013817,
      "pf": 3.9288184048037214,
      "trades": 14,
      "win_rate": 0.7142857142857143,
      "net_pnl": 216.9997795908141,
      "max_dd": 0.6953560239864046,
      "wf_sharpe": 2.834416287874853,
      "wf_degradation": 32.883180409186416,
      "wf_robust": false,
      "generation": 5,
      "genome_id": "G5_kam_3533"
    },
    {
      "strategy": "keltner_breakout",
      "params": {
        "ema_period": 16,
        "atr_mult": 2.8273,
        "rsi_long_min": 55.9657,
        "rsi_short_max": 55.8618,
        "adx_min": 18.6595,
        "volume_threshold": 1.8493,
        "stop_loss_atr_mult": 1.285,
        "take_profit_atr_mult": 5.8859
      },
      "fitness": 1.282591349977361,
      "sharpe": 0.40866888412372016,
      "pf": 1.2724193622495048,
      "trades": 55,
      "win_rate": 0.4909090909090909,
      "net_pnl": 92.0416125197805,
      "max_dd": 1.7680557003861275,
      "wf_sharpe": 2.7106316580054237,
      "wf_degradation": 59.8029231392857,
      "wf_robust": false,
      "generation": 10,
      "genome_id": "G10_kel_8755"
    },
    {
      "strategy": "chaos_trend",
      "params": {
        "hurst_window": 124,
        "hurst_min": 0.6196,
        "hurst_max": 0.7909,
        "ema_fast": 19,
        "ema_slow": 32,
        "adx_min": 22.7334,
        "momentum_period": 13,