{
  "run_timestamp": "2026-03-21T19:42:52.085383+00:00",
  "generations": 100,
  "total_evaluated": 4040,
  "total_robust": 897,
  "hall_of_fame": [
    {
      "strategy": "trend_following",
      "params": {
        "adx_threshold": 29.0939,
        "fib_zone_tolerance_pct": 1.8766,
        "stop_loss_atr_mult": 4.357,
        "take_profit_atr_mult": 5.6908,
        "min_volume_ratio": 0.9502,
        "rsi_lower_bound": 27,
        "rsi_upper_bound": 55
      },
      "fitness": 2.388268977730492,
      "sharpe": 1.9604935645629227,
      "pf": 1.6129151799287078,
      "trades": 180,
      "win_rate": 0.6,
      "net_pnl": 847.1800603291995,
      "max_dd": 1.9272543813955638,
      "wf_sharpe": 3.1357187139503586,
      "wf_degradation": 44.35170668512923,
      "wf_robust": true,
      "generation": 65,
      "genome_id": "G65_tre_4915"
    },
    {
      "strategy": "trend_following",
      "params": {
        "adx_threshold": 29.0939,
        "fib_zone_tolerance_pct": 1.8766,
        "stop_loss_atr_mult": 4.357,
        "take_profit_atr_mult": 5.6908,
        "min_volume_ratio": 0.9502,
        "rsi_lower_bound": 27,
        "rsi_upper_bound": 55
      },
      "fitness": 2.388268977730492,
      "sharpe": 1.9604935645629227,
      "pf": 1.6129151799287078,
      "trades": 180,
      "win_rate": 0.6,
      "net_pnl": 847.1800603291995,
      "max_dd": 1.9272543813955638,
      "wf_sharpe": 3.1357187139503586,
      "wf_degradation": 44.35170668512923,
      "wf_robust": true,
      "generation": 66,
      "genome_id": "G65_tre_4915"
    },
    {
      "strategy": "trend_following",
      "params": {
        "adx_threshold": 29.0939,
        "fib_zone_tolerance_pct": 1.8766,
        "stop_loss_atr_mult": 4.357,
        "take_profit_atr_mult": 5.6908,
        "min_volume_ratio": 0.9502,
        "rsi_lower_bound": 28,
        "rsi_upper_bound": 57
      },
      "fitness": 2.388268977730492,
      "sharpe": 1.9604935645629227,
      "pf": 1.6129151799287078,
      "trades": 180,
      "win_rate": 0.6,
      "net_pnl": 847.1800603291995,
      "max_dd": 1.9272543813955638,
      "wf_sharpe": 3.1357187139503586,
      "wf_degradation": 44.35170668512923,
      "wf_robust": true,
      "generation": 67,
      "genome_id": "G67_tre_4884"
    },
    {
      "strategy": "trend_following",
      "params": {
        "adx_threshold": 29.0939,
        "fib_zone_tolerance_pct": 1.8766,
        "stop_loss_atr_mult": 4.357,
        "take_profit_atr_mult": 5.6908,
        "min_volume_ratio": 0.9502,
        "rsi_lower_bound": 27,
        "rsi_upper_bound": 55
      },
      "fitness": 2.388268977730492,
      "sharpe": 1.9604935645629227,
      "pf": 1.6129151799287078,
      "trades": 180,
      "win_rate": 0.6,
      "net_pnl": 847.1800603291995,
      "max_dd": 1.9272543813955638,
      "wf_sharpe": 3.1357187139503586,
      "wf_degradation": 44.35170668512923,
      "wf_robust": true,
      "generation": 67,
      "genome_id": "G65_tre_4915"
    },
    {
      "strategy": "trend_following",
      "params": {
        "adx_threshold": 29.0939,
        "fib_zone_tolerance_pct": 1.8766,
        "stop_loss_atr_mult": 4.357,
        "take_profit_atr_mult": 5.6908,
        "min_volume_ratio": 0.9502,
        "rsi_lower_bound": 28,
        "rsi_upper_bound": 57
      },
      "fitness": 2.388268977730492,
      "sharpe": 1.9604935645629227,
      "pf": 1.6129151799287078,
      "trades": 180,
      "win_rate": 0.6,
      "net_pnl": 847.1800603291995,
      "max_dd": 1.9272543813955638,
      "wf_sharpe": 3.1357187139503586,
      "wf_degradation": 44.35170668512923,
      "wf_robust": true,
      "generation": 68,
      "genome_id": "G67_tre_4884"
    },
    {
      "strategy": "trend_following",
      "params": {
        "adx_threshold": 29.0939,
        "fib_zone_tolerance_pct": 1.8766,
        "stop_loss_atr_mult": 4.357,
        "take_profit_atr_mult": 5.6908,
        "min_volume_ratio": 0.9502,
        "rsi_lower_bound": 27,
        "rsi_upper_bound": 55
      },
      "fitness": 2.388268977730492,
      "sharpe": 1.9604935645629227,
      "pf": 1.6129151799287078,
      "trades": 180,
      "win_rate": 0.6,
      "net_pnl": 847.1800603291995,
      "max_dd": 1.9272543813955638,
      "wf_sharpe": 3.1357187139503586,
      "wf_degradation": 44.35170668512923,
      "wf_robust": true,
      "generation": 68,
      "genome_id": "G65_tre_4915"
    },
    {
      "strategy": "trend_following",
      "params": {
        "adx_threshold": 29.0939,
        "fib_zone_tolerance_pct": 1.8766,
        "stop_loss_atr_mult": 4.357,
        "take_profit_atr_mult": 5.6908,
        "min_volume_ratio": 0.9502,
        "rsi_lower_bound": 27,
        "rsi_upper_bound": 57
      },
      "fitness": 2.388268977730492,
      "sharpe": 1.9604935645629227,
      "pf": 1.6129151799287078,
      "trades": 180,
      "win_rate": 0.6,
      "net_pnl": 847.1800603291995,
      "max_dd": 1.9272543813955638,
      "wf_sharpe": 3.1357187139503586,
      "wf_degradation": 44.35170668512923,
      "wf_robust": true,
      "generation": 68,
      "genome_id": "G68_tre_7061"
    },
    {
      "strategy": "trend_following",
      "params": {
        "adx_threshold": 29.0939,
        "fib_zone_tolerance_pct": 1.8766,
        "stop_loss_atr_mult": 4.357,
        "take_profit_atr_mult": 5.6908,
        "min_volume_ratio": 0.9502,
        "rsi_lower_bound": 28,
        "rsi_upper_bound": 55
      },
      "fitness": 2.388268977730492,
      "sharpe": 1.9604935645629227,
      "pf": 1.6129151799287078,
      "trades": 180,
      "win_rate": 0.6,
      "net_pnl": 847.1800603291995,
      "max_dd": 1.9272543813955638,
      "wf_sharpe": 3.1357187139503586,
      "wf_degradation": 44.35170668512923,
      "wf_robust": true,
      "generation": 68,
      "genome_id": "G68_tre_5567"
    },
    {
      "strategy": "trend_following",
      "params": {
        "adx_threshold": 29.0939,
        "fib_zone_tolerance_pct": 1.8766,
        "stop_loss_atr_mult": 4.357,
        "take_profit_atr_mult": 5.6908,
        "min_volume_ratio": 0.9502,
        "rsi_lower_bound": 28,
        "rsi_upper_bound": 55
      },
      "fitness": 2.388268977730492,
      "sharpe": 1.9604935645629227,
      "pf": 1.6129151799287078,
      "trades": 180,
      "win_rate": 0.6,
      "net_pnl": 847.1800603291995,
      "max_dd": 1.9272543813955638,
      "wf_sharpe": 3.1357187139503586,
      "wf_degradation": 44.35170668512923,
      "wf_robust": true,
      "generation": 69,
      "genome_id": "G68_tre_5567"
    },
    {
      "strategy": "trend_following",
      "params": {
        "adx_threshold": 29.0939,
        "fib_zone_tolerance_pct": 1.8766,
        "stop_loss_atr_mult": 4.357,
        "take_profit_atr_mult": 5.6908,
        "min_volume_ratio": 0.9502,
        "rsi_lower_bound": 28,
        "rsi_upper_bound": 57
      },
      "fitness": 2.388268977730492,
      "sharpe": 1.9604935645629227,
      "pf": 1.6129151799287078,
      "trades": 180,
      "win_rate": 0.6,
      "net_pnl": 847.1800603291995,
      "max_dd": 1.9272543813955638,
      "wf_sharpe": 3.1357187139503586,
      "wf_degradation": 44.35170668512923,
      "wf_robust": true,
      "generation": 69,
      "genome_id": "G67_tre_4884"
    },
    {
      "strategy": "trend_following",
      "params": {
        "adx_threshold": 29.0939,
        "fib_zone_tolerance_pct": 1.8766,
        "stop_loss_atr_mult": 4.357,
        "take_profit_atr_mult": 5.6908,
        "min_volume_ratio": 0.9502,
        "rsi_lower_bound": 27,
        "rsi_upper_bound": 57
      },
      "fitness": 2.388268977730492,
      "sharpe": 1.9604935645629227,
      "pf": 1.6129151799287078,
      "trades": 180,
      "win_rate": 0.6,
      "net_pnl": 847.1800603291995,
      "max_dd": 1.9272543813955638,
      "wf_sharpe": 3.1357187139503586,
      "wf_degradation": 44.35170668512923,
      "wf_robust": true,
      "generation": 69,