{
  "timestamp_utc": "2026-06-07",
  "n_trials_per_family": 12,
  "total_trials": 36,
  "lockbox_days": 365,
  "dsr_cert_threshold": 0.95,
  "families": {
    "momentum": {
      "best_candidate": {
        "family": "momentum",
        "k": 5,
        "rebalance_every": 5,
        "long_only": true,
        "dollar_neutral": true,
        "weight_mode": "equal",
        "gross": 0.55,
        "vol_lookback": 20,
        "mom_lookback": 60,
        "mom_skip": 1,
        "carry_lookback": 7,
        "combo_mom_w": 0.7
      },
      "train": {
        "sharpe": 0.19743602490430487,
        "n": 252,
        "ret_pct": 947.2382212529394,
        "turnover": 0.12789682539682543,
        "funding_share_pct": -26.57645738000001,
        "avg_positions": 4.226190476190476,
        "ruined": false
      },
      "val": {
        "sharpe": 0.09659044234419056,
        "n": 168,
        "ret_pct": 77.29767503892137,
        "turnover": 0.17089285714285715,
        "funding_share_pct": -9.534603540000003,
        "avg_positions": 5.0,
        "ruined": false
      },
      "robust_is_sharpe": 0.09659044234419056,
      "lockbox": {
        "sharpe": -0.13674400474686296,
        "n": 73,
        "ret_pct": -33.341348812875424,
        "turnover": 0.2034246575342466,
        "funding_share_pct": -0.05788518999999964,
        "avg_positions": 5.0,
        "ruined": false
      },
      "dsr": 0.025580540803570417,
      "dsr_sr_star": 0.08386662839106379,
      "lockbox_sharpe": -0.13674400474686296,
      "tstat": -1.1683412887069153,
      "trials_sharpe_std": 0.039052563894531094,
      "certified": false
    },
    "carry": {
      "best_candidate": {
        "family": "carry",
        "k": 1,
        "rebalance_every": 3,
        "long_only": true,
        "dollar_neutral": true,
        "weight_mode": "equal",
        "gross": 0.85,
        "vol_lookback": 10,
        "mom_lookback": 60,
        "mom_skip": 1,
        "carry_lookback": 7,
        "combo_mom_w": 0.61
      },
      "train": {
        "sharpe": 0.10043389382567217,
        "n": 420,
        "ret_pct": 830.9874182912072,
        "turnover": 0.45940476190476187,
        "funding_share_pct": 51.367664950000005,
        "avg_positions": 0.8904761904761904,
        "ruined": false
      },
      "val": {
        "sharpe": 0.10104648071439781,
        "n": 280,
        "ret_pct": 211.37265844695762,
        "turnover": 0.44625,
        "funding_share_pct": 15.374308699999995,
        "avg_positions": 1.0,
        "ruined": false
      },
      "robust_is_sharpe": 0.10043389382567217,
      "lockbox": {
        "sharpe": -0.054456268515341154,
        "n": 122,
        "ret_pct": -49.605725110700035,
        "turnover": 0.5782786885245902,
        "funding_share_pct": 17.691388299999996,
        "avg_positions": 1.0,
        "ruined": false
      },
      "dsr": 0.04576198310033347,
      "dsr_sr_star": 0.09802376842616745,
      "lockbox_sharpe": -0.054456268515341154,
      "tstat": -0.6014891454008312,
      "trials_sharpe_std": 0.04564484769550502,
      "certified": false
    },
    "combo": {
      "best_candidate": {
        "family": "combo",
        "k": 1,
        "rebalance_every": 7,
        "long_only": true,
        "dollar_neutral": false,
        "weight_mode": "vol_parity",
        "gross": 1.59,
        "vol_lookback": 10,
        "mom_lookback": 10,
        "mom_skip": 5,
        "carry_lookback": 3,
        "combo_mom_w": 0.21
      },
      "train": {
        "sharpe": 0.20915951263484162,
        "n": 180,
        "ret_pct": 8335.655298211688,
        "turnover": 1.7931666666666668,
        "funding_share_pct": 42.13354515000002,
        "avg_positions": 0.8833333333333333,
        "ruined": false
      },
      "val": {
        "sharpe": 0.16573086953517194,
        "n": 120,
        "ret_pct": 510.7654653499335,
        "turnover": 1.62975,
        "funding_share_pct": 25.468065090000003,
        "avg_positions": 1.0,
        "ruined": false
      },
      "robust_is_sharpe": 0.16573086953517194,
      "lockbox": {
        "sharpe": -0.19185358533643346,
        "n": 53,
        "ret_pct": -92.52363923543628,
        "turnover": 1.9500000000000006,
        "funding_share_pct": 30.394374809999995,
        "avg_positions": 1.0,
        "ruined": false
      },
      "dsr": 0.007318946561969186,
      "dsr_sr_star": 0.1291512027910264,
      "lockbox_sharpe": -0.19185358533643346,
      "tstat": -1.396715183901693,
      "trials_sharpe_std": 0.06013936288858274,
      "certified": false
    }
  },
  "certified_any": false,
  "landscape": {
    "family": {
      "carry": {
        "mean": 0.023068807950722595,
        "max": 0.10043389382567217,
        "n": 12
      },
      "combo": {
        "mean": 0.06220570986550702,
        "max": 0.16573086953517194,
        "n": 12
      },
      "momentum": {
        "mean": 0.016500344818171944,
        "max": 0.09659044234419056,
        "n": 12
      }
    },
    "k": {
      "1": {
        "mean": 0.061942971438572636,
        "max": 0.16573086953517194,
        "n": 5
      },
      "2": {
        "mean": -0.003865761398732357,
        "max": 0.002889372901227239,
        "n": 2
      },
      "3": {
        "mean": 0.0301393732180651,
        "max": 0.14882811767471674,
        "n": 10
      },
      "4": {
        "mean": 0.03788577054508816,
        "max": 0.11342855486984828,
        "n": 12
      },
      "5": {
        "mean": 0.02332743407081591,
        "max": 0.11801608494167448,
        "n": 7
      }
    },
    "rebalance_every": {
      "1": {
        "mean": 0.006377255804826103,
        "max": 0.04464011519443756,
        "n": 12
      },
      "2": {
        "mean": 0.013525040003466236,
        "max": 0.079458057770483,
        "n": 4
      },
      "3": {
        "mean": 0.018941231784436248,
        "max": 0.10043389382567217,
        "n": 8
      },
      "5": {
        "mean": 0.04427094669324538,
        "max": 0.09659044234419056,
        "n": 5
      },
      "7": {
        "mean": 0.10254093345704625,
        "max": 0.16573086953517194,
        "n": 7
      }
    },
    "long_only": {
      "False": {
        "mean": 0.014501982500173115,
        "max": 0.11801608494167448,
        "n": 26
      },
      "True": {
        "mean": 0.08442468066083178,
        "max": 0.16573086953517194,
        "n": 10
      }
    },
    "dollar_neutral": {
      "False": {
        "mean": 0.01578331577274358,
        "max": 0.16573086953517194,
        "n": 13
      },
      "True": {
        "mean": 0.04417892376378922,
        "max": 0.14882811767471674,
        "n": 23
      }
    },
    "weight_mode": {
      "equal": {
        "mean": 0.06134206258904711,
        "max": 0.14882811767471674,
        "n": 14
      },
      "score_prop": {
        "mean": 0.005860630763579627,
        "max": 0.05591260892432458,
        "n": 10
      },
      "vol_parity": {
        "mean": 0.025325263977530252,
        "max": 0.16573086953517194,
        "n": 12
      }
    },
    "mom_lookback": {
      "10": {
        "mean": 0.030022495397294697,
        "max": 0.16573086953517194,
        "n": 9
      },
      "120": {
        "mean": 0.04351806388882519,
        "max": 0.11801608494167448,
        "n": 4
      },
      "20": {
        "mean": 0.002889372901227239,
        "max": 0.002889372901227239,
        "n": 1
      },
      "30": {
        "mean": 0.03392007463118685,
        "max": 0.04608781852520317,
        "n": 2
      },
      "45": {
        "mean": 0.014181264238084022,
        "max": 0.079458057770483,
        "n": 7
      },
      "60": {
        "mean": 0.023010095023592535,
        "max": 0.10043389382567217,
        "n": 6
      },
      "90": {
        "mean": 0.06699495650144592,
        "max": 0.14882811767471674,
        "n": 7
      }
    },
    "carry_lookback": {
      "10": {
        "mean": 0.001857952170696475,
        "max": 0.034338392192541936,
        "n": 3
      },