{
  "timestamp_utc": "2026-06-07",
  "n_trials_per_family": 1500,
  "total_trials": 4500,
  "lockbox_days": 365,
  "dsr_cert_threshold": 0.95,
  "families": {
    "momentum": {
      "best_candidate": {
        "family": "momentum",
        "k": 2,
        "rebalance_every": 7,
        "long_only": true,
        "dollar_neutral": false,
        "weight_mode": "vol_parity",
        "gross": 1.31,
        "vol_lookback": 14,
        "mom_lookback": 60,
        "mom_skip": 0,
        "carry_lookback": 3,
        "combo_mom_w": 0.67
      },
      "train": {
        "sharpe": 0.17879925810380531,
        "n": 180,
        "ret_pct": 1860.736368916545,
        "turnover": 0.7488794396277895,
        "funding_share_pct": -50.180129148444195,
        "avg_positions": 1.6888888888888889,
        "ruined": false
      },
      "val": {
        "sharpe": 0.16369536006888005,
        "n": 120,
        "ret_pct": 471.1463527514999,
        "turnover": 0.9681056955843831,
        "funding_share_pct": -24.77563746614874,
        "avg_positions": 2.0,
        "ruined": false
      },
      "robust_is_sharpe": 0.16369536006888005,
      "lockbox": {
        "sharpe": -0.15779165075352608,
        "n": 53,
        "ret_pct": -69.09003952907022,
        "turnover": 0.9596293387228705,
        "funding_share_pct": 0.3410536486572664,
        "avg_positions": 2.0,
        "ruined": false
      },
      "dsr": 0.012233281303870858,
      "dsr_sr_star": 0.16119523201127153,
      "lockbox_sharpe": -0.15779165075352608,
      "tstat": -1.1487405570966431,
      "trials_sharpe_std": 0.044033101213954325,
      "certified": false
    },
    "carry": {
      "best_candidate": {
        "family": "carry",
        "k": 1,
        "rebalance_every": 7,
        "long_only": true,
        "dollar_neutral": false,
        "weight_mode": "score_prop",
        "gross": 0.75,
        "vol_lookback": 14,
        "mom_lookback": 10,
        "mom_skip": 5,
        "carry_lookback": 3,
        "combo_mom_w": 0.33
      },
      "train": {
        "sharpe": 0.1895763639064873,
        "n": 180,
        "ret_pct": 2379.8887087926532,
        "turnover": 0.8958333333333334,
        "funding_share_pct": 17.658621750000002,
        "avg_positions": 0.8333333333333334,
        "ruined": false
      },
      "val": {
        "sharpe": 0.17475216822853876,
        "n": 120,
        "ret_pct": 194.14088898724566,
        "turnover": 0.74375,
        "funding_share_pct": 12.045498749999997,
        "avg_positions": 0.9333333333333333,
        "ruined": false
      },
      "robust_is_sharpe": 0.17475216822853876,
      "lockbox": {
        "sharpe": -0.15808896964449026,
        "n": 53,
        "ret_pct": -57.0134717295649,
        "turnover": 0.9481132075471698,
        "funding_share_pct": 13.815228,
        "avg_positions": 1.0,
        "ruined": false
      },
      "dsr": 0.011321948053771735,
      "dsr_sr_star": 0.14340842593968223,
      "lockbox_sharpe": -0.15808896964449026,
      "tstat": -1.150905071295021,
      "trials_sharpe_std": 0.03917434564003943,
      "certified": false
    },
    "combo": {
      "best_candidate": {
        "family": "combo",
        "k": 2,
        "rebalance_every": 7,
        "long_only": false,
        "dollar_neutral": true,
        "weight_mode": "vol_parity",
        "gross": 1.04,
        "vol_lookback": 30,
        "mom_lookback": 20,
        "mom_skip": 1,
        "carry_lookback": 3,
        "combo_mom_w": 0.56
      },
      "train": {
        "sharpe": 0.22990784665506583,
        "n": 180,
        "ret_pct": 701.0699073993329,
        "turnover": 1.0128607538499494,
        "funding_share_pct": 31.42820243389817,
        "avg_positions": 3.511111111111111,
        "ruined": false
      },
      "val": {
        "sharpe": 0.24481446238283336,
        "n": 120,
        "ret_pct": 207.1745127121563,
        "turnover": 1.1609784745279996,
        "funding_share_pct": 12.195983754836755,
        "avg_positions": 4.0,
        "ruined": false
      },
      "robust_is_sharpe": 0.22990784665506583,
      "lockbox": {
        "sharpe": -0.3139810008009477,
        "n": 53,
        "ret_pct": -46.25722535578392,
        "turnover": 1.2362846484390884,
        "funding_share_pct": 4.726755241244477,
        "avg_positions": 4.0,
        "ruined": false
      },
      "dsr": 9.367665141868375e-05,
      "dsr_sr_star": 0.16252284751803397,
      "lockbox_sharpe": -0.3139810008009477,
      "tstat": -2.285816188977174,
      "trials_sharpe_std": 0.04439576099770275,
      "certified": false
    }
  },
  "certified_any": false,
  "landscape": {
    "family": {
      "carry": {
        "mean": 0.016613578953681922,
        "max": 0.17695708331834997,
        "n": 1500
      },
      "combo": {
        "mean": 0.04959976886532991,
        "max": 0.22990784665506583,
        "n": 1500
      },
      "momentum": {
        "mean": 0.02892463623919534,
        "max": 0.16369536006888005,
        "n": 1500
      }
    },
    "k": {
      "1": {
        "mean": 0.02302427159695548,
        "max": 0.17695708331834997,
        "n": 863
      },
      "2": {
        "mean": 0.025583927284752405,
        "max": 0.22990784665506583,
        "n": 893
      },
      "3": {
        "mean": 0.03760455175315399,
        "max": 0.1798265896115813,
        "n": 891
      },
      "4": {
        "mean": 0.03881434492070278,
        "max": 0.1655682171632839,
        "n": 951
      },
      "5": {
        "mean": 0.032785460091137204,
        "max": 0.16339078362121107,
        "n": 902
      }
    },
    "rebalance_every": {
      "1": {
        "mean": 0.007843739606937116,
        "max": 0.06434341861723328,
        "n": 870
      },
      "2": {
        "mean": 0.022670754270047236,
        "max": 0.09464658189875554,
        "n": 846
      },
      "3": {
        "mean": 0.03181796504120613,
        "max": 0.11197375684361674,
        "n": 922
      },
      "5": {
        "mean": 0.04215840372371834,
        "max": 0.15425057141453405,
        "n": 924
      },
      "7": {
        "mean": 0.051612937855125496,
        "max": 0.22990784665506583,
        "n": 938
      }
    },
    "long_only": {
      "False": {
        "mean": 0.018116161319180216,
        "max": 0.22990784665506583,
        "n": 3341
      },
      "True": {
        "mean": 0.07090671364963731,
        "max": 0.1798265896115813,
        "n": 1159
      }
    },
    "dollar_neutral": {
      "False": {
        "mean": 0.03213516847856374,
        "max": 0.17695708331834997,
        "n": 1342
      },
      "True": {
        "mean": 0.03153311589267835,
        "max": 0.22990784665506583,
        "n": 3158
      }
    },
    "weight_mode": {
      "equal": {
        "mean": 0.030950266968254907,
        "max": 0.17012213071626733,
        "n": 1503
      },
      "score_prop": {
        "mean": 0.030435744342080642,
        "max": 0.17695708331834997,
        "n": 1482
      },
      "vol_parity": {
        "mean": 0.033718119946574344,
        "max": 0.22990784665506583,
        "n": 1515
      }
    },
    "mom_lookback": {
      "10": {
        "mean": 0.019089105179445964,
        "max": 0.17565867281020087,
        "n": 641
      },
      "120": {
        "mean": 0.03094161236247747,
        "max": 0.16035558031941655,
        "n": 664
      },
      "20": {
        "mean": 0.029180067792283104,
        "max": 0.22990784665506583,
        "n": 680
      },
      "30": {
        "mean": 0.02940123717573561,
        "max": 0.16386327285914457,
        "n": 617
      },
      "45": {
        "mean": 0.039542128199647045,
        "max": 0.17204106264110622,
        "n": 626
      },
      "60": {
        "mean": 0.03843123649683088,
        "max": 0.1798265896115813,
        "n": 629
      },
      "90": {
        "mean": 0.03579471168418943,
        "max": 0.1684989508607105,
        "n": 643
      }
    },
    "carry_lookback": {
      "10": {
        "mean": 0.03154566404661702,